sample_id,source_bucket,source_artifact,dataset_id,query_type,language,expected_chart_family,query,image_path,existing_vlm_issue,existing_vlm_judgment,deterministic_evidence,human_visible_chart_family,human_chart_family_acceptable,human_labels_readable,human_relevant_fields_visible,human_transform_preserved,human_overall_acceptable,human_primary_error,human_confidence,human_notes
vinl2vis_30351,vlm_consensus_accepted,vlm_audit_heldout860_qwen3_8b_auditfix_v4_n860_qwen3vl4b_promptv4,wbexp_asean_en_ghg_ch4_ip_mt_ce_ar5_methane_ch4_emissions_from_industrial_processe,multi_turn,vi,bar,"Hãy so sánh các nước.
Dùng năm mới nhất.",/Users/nguyenthevinh/Library/CloudStorage/GoogleDrive-vinhnt@tnu.edu.vn/My Drive/NL2Vis_GenAI_Research_2025_2026/benchmark/faithbench/results/vlm_audit_heldout860_qwen3_8b_auditfix_v4_n860_qwen3vl4b_promptv4/images/vinl2vis_30351.png,none,"{""acceptable"": true, ""visible_chart_family"": ""bar"", ""major_issue"": ""none"", ""conservative_issue"": ""none""}",,bar,yes,yes,no,yes,no,data_mismatch,5,
vinl2vis_29110,vlm_consensus_accepted,vlm_audit_heldout860_qwen3_8b_auditfix_v4_n860_qwen3vl4b_promptv4,wbexp_asean_eg_elc_rnwx_zs_electricity_production_from_renewable_sources_excluding,multi_turn,vi,line,"Tôi muốn xem xu hướng.
Dùng dữ liệu này và tách theo quốc gia.",/Users/nguyenthevinh/Library/CloudStorage/GoogleDrive-vinhnt@tnu.edu.vn/My Drive/NL2Vis_GenAI_Research_2025_2026/benchmark/faithbench/results/vlm_audit_heldout860_qwen3_8b_auditfix_v4_n860_qwen3vl4b_promptv4/images/vinl2vis_29110.png,none,"{""acceptable"": true, ""visible_chart_family"": ""line"", ""major_issue"": ""none"", ""conservative_issue"": ""none""}",,line,yes,yes,yes,yes,no,data_mismatch,5,
vinl2vis_05436,vlm_consensus_accepted,vlm_audit_heldout860_qwen3_8b_auditfix_v4_n860_qwen3vl4b_promptv4,wbexp_asean_ag_prd_lvsk_xd_livestock_production_index_2014_2016_100,ambiguous,vi,line,Tạo biểu đồ phù hợp cho chỉ số livestock production index (2014-2016 = 100) mẫu 15.,/Users/nguyenthevinh/Library/CloudStorage/GoogleDrive-vinhnt@tnu.edu.vn/My Drive/NL2Vis_GenAI_Research_2025_2026/benchmark/faithbench/results/vlm_audit_heldout860_qwen3_8b_auditfix_v4_n860_qwen3vl4b_promptv4/images/vinl2vis_05436.png,none,"{""acceptable"": true, ""visible_chart_family"": ""line"", ""major_issue"": ""none"", ""conservative_issue"": ""none""}",,line,yes,yes,yes,yes,yes,none,5,
vinl2vis_29510,vlm_consensus_accepted,vlm_audit_heldout860_qwen3_8b_auditfix_v4_n860_qwen3vl4b_promptv4,wbexp_asean_eg_use_pcap_kg_oe_energy_use_kg_of_oil_equivalent_per_capita,multi_turn,vi,line,"Tôi muốn xem xu hướng.
Dùng dữ liệu này và tách theo quốc gia.",/Users/nguyenthevinh/Library/CloudStorage/GoogleDrive-vinhnt@tnu.edu.vn/My Drive/NL2Vis_GenAI_Research_2025_2026/benchmark/faithbench/results/vlm_audit_heldout860_qwen3_8b_auditfix_v4_n860_qwen3vl4b_promptv4/images/vinl2vis_29510.png,none,"{""acceptable"": true, ""visible_chart_family"": ""line"", ""major_issue"": ""none"", ""conservative_issue"": ""none""}",,line,yes,yes,no,yes,yes,none,5,
vinl2vis_23602,vlm_consensus_accepted,vlm_audit_heldout860_qwen3_8b_auditfix_v4_n860_qwen3vl4b_promptv4,wbexp_asean_bn_klt_ptxl_cd_portfolio_investment_net_bop_current_us,explicit,vi,bar,"So sánh chỉ số portfolio investment, net (bop, current us$) ở các quốc gia, biến thể 21.",/Users/nguyenthevinh/Library/CloudStorage/GoogleDrive-vinhnt@tnu.edu.vn/My Drive/NL2Vis_GenAI_Research_2025_2026/benchmark/faithbench/results/vlm_audit_heldout860_qwen3_8b_auditfix_v4_n860_qwen3vl4b_promptv4/images/vinl2vis_23602.png,none,"{""acceptable"": true, ""visible_chart_family"": ""bar"", ""major_issue"": ""none"", ""conservative_issue"": ""none""}",,scatter,no,no,no,yes,no,data_mismatch,5,
vinl2vis_25082,vlm_consensus_accepted,vlm_audit_heldout860_qwen3_8b_auditfix_v4_n860_qwen3vl4b_promptv4,wbexp_asean_dc_dac_chel_cd_net_bilateral_aid_flows_from_dac_donors_switzerland_cur,explicit,vi,bar,"So sánh chỉ số net bilateral aid flows from dac donors, switzerland (current us$) ở các quốc gia, biến thể 21.",/Users/nguyenthevinh/Library/CloudStorage/GoogleDrive-vinhnt@tnu.edu.vn/My Drive/NL2Vis_GenAI_Research_2025_2026/benchmark/faithbench/results/vlm_audit_heldout860_qwen3_8b_auditfix_v4_n860_qwen3vl4b_promptv4/images/vinl2vis_25082.png,none,"{""acceptable"": true, ""visible_chart_family"": ""bar"", ""major_issue"": ""none"", ""conservative_issue"": ""none""}",,bar,yes,yes,yes,yes,yes,none,4,
vinl2vis_26311,vlm_consensus_accepted,vlm_audit_heldout860_qwen3_8b_auditfix_v4_n860_qwen3vl4b_promptv4,wbexp_asean_dt_dod_mwbg_cd_ibrd_loans_and_ida_credits_dod_current_us,multi_turn,vi,bar,"Hãy so sánh các nước.
Dùng năm mới nhất.",/Users/nguyenthevinh/Library/CloudStorage/GoogleDrive-vinhnt@tnu.edu.vn/My Drive/NL2Vis_GenAI_Research_2025_2026/benchmark/faithbench/results/vlm_audit_heldout860_qwen3_8b_auditfix_v4_n860_qwen3vl4b_promptv4/images/vinl2vis_26311.png,none,"{""acceptable"": true, ""visible_chart_family"": ""bar"", ""major_issue"": ""none"", ""conservative_issue"": ""none""}",,bar,yes,yes,yes,yes,yes,none,5,
vinl2vis_30310,vlm_consensus_accepted,vlm_audit_heldout860_qwen3_8b_auditfix_v4_n860_qwen3vl4b_promptv4,wbexp_asean_en_ghg_ch4_ic_mt_ce_ar5_methane_ch4_emissions_from_industrial_combusti,multi_turn,vi,line,"Tôi muốn xem xu hướng.
Dùng dữ liệu này và tách theo quốc gia.",/Users/nguyenthevinh/Library/CloudStorage/GoogleDrive-vinhnt@tnu.edu.vn/My Drive/NL2Vis_GenAI_Research_2025_2026/benchmark/faithbench/results/vlm_audit_heldout860_qwen3_8b_auditfix_v4_n860_qwen3vl4b_promptv4/images/vinl2vis_30310.png,none,"{""acceptable"": true, ""visible_chart_family"": ""line"", ""major_issue"": ""none"", ""conservative_issue"": ""none""}",,line,yes,yes,yes,no,no,wrong_chart_type,5,
vinl2vis_28750,vlm_consensus_accepted,vlm_audit_heldout860_qwen3_8b_auditfix_v4_n860_qwen3vl4b_promptv4,wbexp_asean_eg_elc_coal_zs_electricity_production_from_coal_sources_of_total,multi_turn,vi,line,"Tôi muốn xem xu hướng.
Dùng dữ liệu này và tách theo quốc gia.",/Users/nguyenthevinh/Library/CloudStorage/GoogleDrive-vinhnt@tnu.edu.vn/My Drive/NL2Vis_GenAI_Research_2025_2026/benchmark/faithbench/results/vlm_audit_heldout860_qwen3_8b_auditfix_v4_n860_qwen3vl4b_promptv4/images/vinl2vis_28750.png,none,"{""acceptable"": true, ""visible_chart_family"": ""line"", ""major_issue"": ""none"", ""conservative_issue"": ""none""}",,scatter,no,no,no,yes,yes,none,4,
vinl2vis_28871,vlm_consensus_accepted,vlm_audit_heldout860_qwen3_8b_auditfix_v4_n860_qwen3vl4b_promptv4,wbexp_asean_eg_elc_loss_zs_electric_power_transmission_and_distribution_losses_of_,multi_turn,vi,bar,"Hãy so sánh các nước.
Dùng năm mới nhất.",/Users/nguyenthevinh/Library/CloudStorage/GoogleDrive-vinhnt@tnu.edu.vn/My Drive/NL2Vis_GenAI_Research_2025_2026/benchmark/faithbench/results/vlm_audit_heldout860_qwen3_8b_auditfix_v4_n860_qwen3vl4b_promptv4/images/vinl2vis_28871.png,none,"{""acceptable"": true, ""visible_chart_family"": ""bar"", ""major_issue"": ""none"", ""conservative_issue"": ""none""}",,bar,yes,no,no,no,yes,none,5,
vinl2vis_05196,vlm_consensus_accepted,vlm_audit_heldout860_qwen3_8b_auditfix_v4_n860_qwen3vl4b_promptv4,wbexp_asean_ag_lnd_frst_zs_forest_area_of_land_area,ambiguous,vi,line,Tạo biểu đồ phù hợp cho chỉ số forest area (% of land area) mẫu 15.,/Users/nguyenthevinh/Library/CloudStorage/GoogleDrive-vinhnt@tnu.edu.vn/My Drive/NL2Vis_GenAI_Research_2025_2026/benchmark/faithbench/results/vlm_audit_heldout860_qwen3_8b_auditfix_v4_n860_qwen3vl4b_promptv4/images/vinl2vis_05196.png,none,"{""acceptable"": true, ""visible_chart_family"": ""line"", ""major_issue"": ""none"", ""conservative_issue"": ""none""}",,line,yes,yes,yes,yes,yes,none,5,
vinl2vis_23557,vlm_consensus_accepted,vlm_audit_heldout860_qwen3_8b_auditfix_v4_n860_qwen3vl4b_promptv4,wbexp_asean_bn_klt_dinv_cd_foreign_direct_investment_net_bop_current_us,explicit,vi,bar,"So sánh chỉ số foreign direct investment, net (bop, current us$) ở các quốc gia, biến thể 16.",/Users/nguyenthevinh/Library/CloudStorage/GoogleDrive-vinhnt@tnu.edu.vn/My Drive/NL2Vis_GenAI_Research_2025_2026/benchmark/faithbench/results/vlm_audit_heldout860_qwen3_8b_auditfix_v4_n860_qwen3vl4b_promptv4/images/vinl2vis_23557.png,none,"{""acceptable"": true, ""visible_chart_family"": ""bar"", ""major_issue"": ""none"", ""conservative_issue"": ""none""}",,bar,yes,no,yes,yes,yes,none,5,
vinl2vis_05396,vlm_consensus_accepted,vlm_audit_heldout860_qwen3_8b_auditfix_v4_n860_qwen3vl4b_promptv4,wbexp_asean_ag_prd_food_xd_food_production_index_2014_2016_100,ambiguous,vi,line,Tạo biểu đồ phù hợp cho chỉ số food production index (2014-2016 = 100) mẫu 15.,/Users/nguyenthevinh/Library/CloudStorage/GoogleDrive-vinhnt@tnu.edu.vn/My Drive/NL2Vis_GenAI_Research_2025_2026/benchmark/faithbench/results/vlm_audit_heldout860_qwen3_8b_auditfix_v4_n860_qwen3vl4b_promptv4/images/vinl2vis_05396.png,none,"{""acceptable"": true, ""visible_chart_family"": ""line"", ""major_issue"": ""none"", ""conservative_issue"": ""none""}",,line,yes,yes,no,no,no,wrong_chart_type,5,
vinl2vis_29596,vlm_consensus_accepted,vlm_audit_heldout860_qwen3_8b_auditfix_v4_n860_qwen3vl4b_promptv4,wbexp_asean_dt_dod_dect_cd_external_debt_stocks_total_dod_current_us,ambiguous,vi,line,"Tạo biểu đồ phù hợp cho chỉ số external debt stocks, total (dod, current us$) mẫu 15.",/Users/nguyenthevinh/Library/CloudStorage/GoogleDrive-vinhnt@tnu.edu.vn/My Drive/NL2Vis_GenAI_Research_2025_2026/benchmark/faithbench/results/vlm_audit_heldout860_qwen3_8b_auditfix_v4_n860_qwen3vl4b_promptv4/images/vinl2vis_29596.png,none,"{""acceptable"": true, ""visible_chart_family"": ""line"", ""major_issue"": ""none"", ""conservative_issue"": ""none""}",,line,yes,no,yes,yes,yes,none,5,
vinl2vis_27110,vlm_consensus_accepted,vlm_audit_heldout860_qwen3_8b_auditfix_v4_n860_qwen3vl4b_promptv4,wbexp_asean_dt_nfl_prvt_cd_ppg_private_creditors_nfl_us,multi_turn,vi,line,"Tôi muốn xem xu hướng.
Dùng dữ liệu này và tách theo quốc gia.",/Users/nguyenthevinh/Library/CloudStorage/GoogleDrive-vinhnt@tnu.edu.vn/My Drive/NL2Vis_GenAI_Research_2025_2026/benchmark/faithbench/results/vlm_audit_heldout860_qwen3_8b_auditfix_v4_n860_qwen3vl4b_promptv4/images/vinl2vis_27110.png,none,"{""acceptable"": true, ""visible_chart_family"": ""line"", ""major_issue"": ""none"", ""conservative_issue"": ""none""}",,line,yes,yes,yes,yes,yes,none,4,
vinl2vis_24482,vlm_consensus_accepted,vlm_audit_heldout860_qwen3_8b_auditfix_v4_n860_qwen3vl4b_promptv4,wbexp_asean_bx_trf_pwkr_cd_personal_transfers_receipts_bop_current_us,explicit,vi,bar,"So sánh chỉ số personal transfers, receipts (bop, current us$) ở các quốc gia, biến thể 21.",/Users/nguyenthevinh/Library/CloudStorage/GoogleDrive-vinhnt@tnu.edu.vn/My Drive/NL2Vis_GenAI_Research_2025_2026/benchmark/faithbench/results/vlm_audit_heldout860_qwen3_8b_auditfix_v4_n860_qwen3vl4b_promptv4/images/vinl2vis_24482.png,none,"{""acceptable"": true, ""visible_chart_family"": ""bar"", ""major_issue"": ""none"", ""conservative_issue"": ""none""}",,bar,yes,no,yes,yes,yes,none,4,
vinl2vis_26951,vlm_consensus_accepted,vlm_audit_heldout860_qwen3_8b_auditfix_v4_n860_qwen3vl4b_promptv4,wbexp_asean_dt_nfl_pcbo_cd_commercial_banks_and_other_lending_ppg_png_nfl_current_,multi_turn,vi,bar,"Hãy so sánh các nước.
Dùng năm mới nhất.",/Users/nguyenthevinh/Library/CloudStorage/GoogleDrive-vinhnt@tnu.edu.vn/My Drive/NL2Vis_GenAI_Research_2025_2026/benchmark/faithbench/results/vlm_audit_heldout860_qwen3_8b_auditfix_v4_n860_qwen3vl4b_promptv4/images/vinl2vis_26951.png,none,"{""acceptable"": true, ""visible_chart_family"": ""bar"", ""major_issue"": ""none"", ""conservative_issue"": ""none""}",,bar,yes,yes,yes,yes,yes,none,5,
vinl2vis_26711,vlm_consensus_accepted,vlm_audit_heldout860_qwen3_8b_auditfix_v4_n860_qwen3vl4b_promptv4,wbexp_asean_dt_nfl_mlat_cd_net_financial_flows_multilateral_nfl_current_us,multi_turn,vi,bar,"Hãy so sánh các nước.
Dùng năm mới nhất.",/Users/nguyenthevinh/Library/CloudStorage/GoogleDrive-vinhnt@tnu.edu.vn/My Drive/NL2Vis_GenAI_Research_2025_2026/benchmark/faithbench/results/vlm_audit_heldout860_qwen3_8b_auditfix_v4_n860_qwen3vl4b_promptv4/images/vinl2vis_26711.png,none,"{""acceptable"": true, ""visible_chart_family"": ""bar"", ""major_issue"": ""none"", ""conservative_issue"": ""none""}",,scatter,no,yes,yes,yes,yes,none,4,
vinl2vis_24117,vlm_consensus_accepted,vlm_audit_heldout860_qwen3_8b_auditfix_v4_n860_qwen3vl4b_promptv4,wbexp_asean_bx_gsr_nfsv_cd_service_exports_bop_current_us,explicit,vi,bar,"So sánh chỉ số service exports (bop, current us$) ở các quốc gia, biến thể 16.",/Users/nguyenthevinh/Library/CloudStorage/GoogleDrive-vinhnt@tnu.edu.vn/My Drive/NL2Vis_GenAI_Research_2025_2026/benchmark/faithbench/results/vlm_audit_heldout860_qwen3_8b_auditfix_v4_n860_qwen3vl4b_promptv4/images/vinl2vis_24117.png,none,"{""acceptable"": true, ""visible_chart_family"": ""bar"", ""major_issue"": ""none"", ""conservative_issue"": ""none""}",,bar,yes,yes,yes,yes,yes,none,5,
vinl2vis_05317,vlm_consensus_accepted,vlm_audit_heldout860_qwen3_8b_auditfix_v4_n860_qwen3vl4b_promptv4,wbexp_asean_ag_prd_crel_mt_cereal_production_metric_tons,explicit,vi,bar,"So sánh chỉ số cereal production (metric tons) ở các quốc gia, biến thể 16.",/Users/nguyenthevinh/Library/CloudStorage/GoogleDrive-vinhnt@tnu.edu.vn/My Drive/NL2Vis_GenAI_Research_2025_2026/benchmark/faithbench/results/vlm_audit_heldout860_qwen3_8b_auditfix_v4_n860_qwen3vl4b_promptv4/images/vinl2vis_05317.png,none,"{""acceptable"": true, ""visible_chart_family"": ""bar"", ""major_issue"": ""none"", ""conservative_issue"": ""none""}",,bar,yes,yes,no,yes,no,unreadable_labels,4,
vinl2vis_27191,vlm_consensus_accepted,vlm_audit_heldout860_qwen3_8b_auditfix_v4_n860_qwen3vl4b_promptv4,wbexp_asean_dt_nfl_rdbn_cd_net_financial_flows_rdb_nonconcessional_nfl_current_us,multi_turn,vi,bar,"Hãy so sánh các nước.
Dùng năm mới nhất.",/Users/nguyenthevinh/Library/CloudStorage/GoogleDrive-vinhnt@tnu.edu.vn/My Drive/NL2Vis_GenAI_Research_2025_2026/benchmark/faithbench/results/vlm_audit_heldout860_qwen3_8b_auditfix_v4_n860_qwen3vl4b_promptv4/images/vinl2vis_27191.png,none,"{""acceptable"": true, ""visible_chart_family"": ""bar"", ""major_issue"": ""none"", ""conservative_issue"": ""none""}",,bar,yes,yes,yes,yes,no,wrong_chart_type,5,
vinl2vis_32864,vlm_consensus_accepted,vlm_audit_heldout860_qwen3_8b_auditfix_v4_n860_qwen3vl4b_promptv4,wbexp_asean_er_h2o_fwst_zs_level_of_water_stress_freshwater_withdrawal_as_a_propor,underspecified,vi,bar,Xếp hạng các nước theo chỉ số level of water stress: freshwater withdrawal as a proportion of available freshwater resources.,/Users/nguyenthevinh/Library/CloudStorage/GoogleDrive-vinhnt@tnu.edu.vn/My Drive/NL2Vis_GenAI_Research_2025_2026/benchmark/faithbench/results/vlm_audit_heldout860_qwen3_8b_auditfix_v4_n860_qwen3vl4b_promptv4/images/vinl2vis_32864.png,none,"{""acceptable"": true, ""visible_chart_family"": ""bar"", ""major_issue"": ""none"", ""conservative_issue"": ""none""}",,bar,yes,yes,yes,yes,yes,none,5,
vinl2vis_29511,vlm_consensus_accepted,vlm_audit_heldout860_qwen3_8b_auditfix_v4_n860_qwen3vl4b_promptv4,wbexp_asean_eg_use_pcap_kg_oe_energy_use_kg_of_oil_equivalent_per_capita,multi_turn,vi,bar,"Hãy so sánh các nước.
Dùng năm mới nhất.",/Users/nguyenthevinh/Library/CloudStorage/GoogleDrive-vinhnt@tnu.edu.vn/My Drive/NL2Vis_GenAI_Research_2025_2026/benchmark/faithbench/results/vlm_audit_heldout860_qwen3_8b_auditfix_v4_n860_qwen3vl4b_promptv4/images/vinl2vis_29511.png,none,"{""acceptable"": true, ""visible_chart_family"": ""bar"", ""major_issue"": ""none"", ""conservative_issue"": ""none""}",,bar,yes,yes,no,no,no,wrong_chart_type,5,
vinl2vis_32784,vlm_consensus_accepted,vlm_audit_heldout860_qwen3_8b_auditfix_v4_n860_qwen3vl4b_promptv4,wbexp_asean_er_h2o_fwdm_zs_annual_freshwater_withdrawals_domestic_of_total_freshwa,underspecified,vi,bar,"Xếp hạng các nước theo chỉ số annual freshwater withdrawals, domestic (% of total freshwater withdrawal).",/Users/nguyenthevinh/Library/CloudStorage/GoogleDrive-vinhnt@tnu.edu.vn/My Drive/NL2Vis_GenAI_Research_2025_2026/benchmark/faithbench/results/vlm_audit_heldout860_qwen3_8b_auditfix_v4_n860_qwen3vl4b_promptv4/images/vinl2vis_32784.png,none,"{""acceptable"": true, ""visible_chart_family"": ""bar"", ""major_issue"": ""none"", ""conservative_issue"": ""none""}",,bar,yes,no,yes,yes,yes,none,5,
vinl2vis_28791,vlm_consensus_accepted,vlm_audit_heldout860_qwen3_8b_auditfix_v4_n860_qwen3vl4b_promptv4,wbexp_asean_eg_elc_fosl_zs_electricity_production_from_oil_gas_and_coal_sources_of,multi_turn,vi,bar,"Hãy so sánh các nước.
Dùng năm mới nhất.",/Users/nguyenthevinh/Library/CloudStorage/GoogleDrive-vinhnt@tnu.edu.vn/My Drive/NL2Vis_GenAI_Research_2025_2026/benchmark/faithbench/results/vlm_audit_heldout860_qwen3_8b_auditfix_v4_n860_qwen3vl4b_promptv4/images/vinl2vis_28791.png,none,"{""acceptable"": true, ""visible_chart_family"": ""bar"", ""major_issue"": ""none"", ""conservative_issue"": ""none""}",,bar,yes,no,no,yes,yes,none,4,
vinl2vis_05116,vlm_consensus_accepted,vlm_audit_heldout860_qwen3_8b_auditfix_v4_n860_qwen3vl4b_promptv4,wbexp_asean_ag_lnd_frls_ha_tree_cover_loss_hectares,ambiguous,vi,line,Tạo biểu đồ phù hợp cho chỉ số tree cover loss (hectares) mẫu 15.,/Users/nguyenthevinh/Library/CloudStorage/GoogleDrive-vinhnt@tnu.edu.vn/My Drive/NL2Vis_GenAI_Research_2025_2026/benchmark/faithbench/results/vlm_audit_heldout860_qwen3_8b_auditfix_v4_n860_qwen3vl4b_promptv4/images/vinl2vis_05116.png,none,"{""acceptable"": true, ""visible_chart_family"": ""line"", ""major_issue"": ""none"", ""conservative_issue"": ""none""}",,line,yes,yes,no,yes,no,data_mismatch,5,
vinl2vis_29070,vlm_consensus_accepted,vlm_audit_heldout860_qwen3_8b_auditfix_v4_n860_qwen3vl4b_promptv4,wbexp_asean_eg_elc_rnwx_kh_electricity_production_from_renewable_sources_excluding,multi_turn,vi,line,"Tôi muốn xem xu hướng.
Dùng dữ liệu này và tách theo quốc gia.",/Users/nguyenthevinh/Library/CloudStorage/GoogleDrive-vinhnt@tnu.edu.vn/My Drive/NL2Vis_GenAI_Research_2025_2026/benchmark/faithbench/results/vlm_audit_heldout860_qwen3_8b_auditfix_v4_n860_qwen3vl4b_promptv4/images/vinl2vis_29070.png,none,"{""acceptable"": true, ""visible_chart_family"": ""line"", ""major_issue"": ""none"", ""conservative_issue"": ""none""}",,line,yes,yes,yes,yes,yes,none,4,
vinl2vis_30664,vlm_consensus_accepted,vlm_audit_heldout860_qwen3_8b_auditfix_v4_n860_qwen3vl4b_promptv4,wbexp_asean_en_ghg_co2_fe_mt_ce_ar5_carbon_dioxide_co2_emissions_from_fugitive_emi,underspecified,vi,bar,Xếp hạng các nước theo chỉ số carbon dioxide (co2) emissions from fugitive emissions (energy) (mt co2e).,/Users/nguyenthevinh/Library/CloudStorage/GoogleDrive-vinhnt@tnu.edu.vn/My Drive/NL2Vis_GenAI_Research_2025_2026/benchmark/faithbench/results/vlm_audit_heldout860_qwen3_8b_auditfix_v4_n860_qwen3vl4b_promptv4/images/vinl2vis_30664.png,none,"{""acceptable"": true, ""visible_chart_family"": ""bar"", ""major_issue"": ""none"", ""conservative_issue"": ""none""}",,scatter,no,no,yes,yes,yes,none,5,
vinl2vis_31664,vlm_consensus_accepted,vlm_audit_heldout860_qwen3_8b_auditfix_v4_n860_qwen3vl4b_promptv4,wbexp_asean_en_ghg_n2o_wa_mt_ce_ar5_nitrous_oxide_n2o_emissions_from_waste_mt_co2e,underspecified,vi,bar,Xếp hạng các nước theo chỉ số nitrous oxide (n2o) emissions from waste (mt co2e).,/Users/nguyenthevinh/Library/CloudStorage/GoogleDrive-vinhnt@tnu.edu.vn/My Drive/NL2Vis_GenAI_Research_2025_2026/benchmark/faithbench/results/vlm_audit_heldout860_qwen3_8b_auditfix_v4_n860_qwen3vl4b_promptv4/images/vinl2vis_31664.png,none,"{""acceptable"": true, ""visible_chart_family"": ""bar"", ""major_issue"": ""none"", ""conservative_issue"": ""none""}",,bar,yes,no,yes,yes,yes,none,4,
vinl2vis_32584,vlm_consensus_accepted,vlm_audit_heldout860_qwen3_8b_auditfix_v4_n860_qwen3vl4b_promptv4,wbexp_asean_er_fsh_aqua_mt_aquaculture_production_metric_tons,underspecified,vi,bar,Xếp hạng các nước theo chỉ số aquaculture production (metric tons).,/Users/nguyenthevinh/Library/CloudStorage/GoogleDrive-vinhnt@tnu.edu.vn/My Drive/NL2Vis_GenAI_Research_2025_2026/benchmark/faithbench/results/vlm_audit_heldout860_qwen3_8b_auditfix_v4_n860_qwen3vl4b_promptv4/images/vinl2vis_32584.png,none,"{""acceptable"": true, ""visible_chart_family"": ""bar"", ""major_issue"": ""none"", ""conservative_issue"": ""none""}",,scatter,no,yes,yes,no,yes,none,5,
vinl2vis_25922,vlm_consensus_accepted,vlm_audit_heldout860_qwen3_8b_auditfix_v4_n860_qwen3vl4b_promptv4,wbexp_asean_dt_dod_dect_gn_zs_external_debt_stocks_of_gni,explicit,vi,bar,"So sánh chỉ số external debt stocks (% of gni) ở các quốc gia, biến thể 21.",/Users/nguyenthevinh/Library/CloudStorage/GoogleDrive-vinhnt@tnu.edu.vn/My Drive/NL2Vis_GenAI_Research_2025_2026/benchmark/faithbench/results/vlm_audit_heldout860_qwen3_8b_auditfix_v4_n860_qwen3vl4b_promptv4/images/vinl2vis_25922.png,none,"{""acceptable"": true, ""visible_chart_family"": ""bar"", ""major_issue"": ""none"", ""conservative_issue"": ""none""}",,bar,yes,no,yes,yes,yes,none,4,
vinl2vis_05201,vlm_consensus_accepted,vlm_audit_heldout860_qwen3_8b_auditfix_v4_n860_qwen3vl4b_promptv4,wbexp_asean_ag_lnd_frst_zs_forest_area_of_land_area,ambiguous,vi,line,Tạo biểu đồ phù hợp cho chỉ số forest area (% of land area) mẫu 20.,/Users/nguyenthevinh/Library/CloudStorage/GoogleDrive-vinhnt@tnu.edu.vn/My Drive/NL2Vis_GenAI_Research_2025_2026/benchmark/faithbench/results/vlm_audit_heldout860_qwen3_8b_auditfix_v4_n860_qwen3vl4b_promptv4/images/vinl2vis_05201.png,none,"{""acceptable"": true, ""visible_chart_family"": ""line"", ""major_issue"": ""none"", ""conservative_issue"": ""none""}",,scatter,no,yes,yes,yes,yes,none,5,
vinl2vis_26910,vlm_consensus_accepted,vlm_audit_heldout860_qwen3_8b_auditfix_v4_n860_qwen3vl4b_promptv4,wbexp_asean_dt_nfl_pcbk_cd_ppg_commercial_banks_nfl_current_us,multi_turn,vi,line,"Tôi muốn xem xu hướng.
Dùng dữ liệu này và tách theo quốc gia.",/Users/nguyenthevinh/Library/CloudStorage/GoogleDrive-vinhnt@tnu.edu.vn/My Drive/NL2Vis_GenAI_Research_2025_2026/benchmark/faithbench/results/vlm_audit_heldout860_qwen3_8b_auditfix_v4_n860_qwen3vl4b_promptv4/images/vinl2vis_26910.png,none,"{""acceptable"": true, ""visible_chart_family"": ""line"", ""major_issue"": ""none"", ""conservative_issue"": ""none""}",,line,yes,yes,yes,yes,yes,none,4,
vinl2vis_30464,vlm_consensus_accepted,vlm_audit_heldout860_qwen3_8b_auditfix_v4_n860_qwen3vl4b_promptv4,wbexp_asean_en_ghg_ch4_tr_mt_ce_ar5_methane_ch4_emissions_from_transport_energy_mt,underspecified,vi,bar,Xếp hạng các nước theo chỉ số methane (ch4) emissions from transport (energy) (mt co2e).,/Users/nguyenthevinh/Library/CloudStorage/GoogleDrive-vinhnt@tnu.edu.vn/My Drive/NL2Vis_GenAI_Research_2025_2026/benchmark/faithbench/results/vlm_audit_heldout860_qwen3_8b_auditfix_v4_n860_qwen3vl4b_promptv4/images/vinl2vis_30464.png,none,"{""acceptable"": true, ""visible_chart_family"": ""bar"", ""major_issue"": ""none"", ""conservative_issue"": ""none""}",,bar,yes,yes,yes,yes,yes,none,5,
vinl2vis_31984,vlm_consensus_accepted,vlm_audit_heldout860_qwen3_8b_auditfix_v4_n860_qwen3vl4b_promptv4,wbexp_asean_en_urb_mcty_population_in_urban_agglomerations_of_more_than_1_million,underspecified,vi,bar,Xếp hạng các nước theo chỉ số population in urban agglomerations of more than 1 million.,/Users/nguyenthevinh/Library/CloudStorage/GoogleDrive-vinhnt@tnu.edu.vn/My Drive/NL2Vis_GenAI_Research_2025_2026/benchmark/faithbench/results/vlm_audit_heldout860_qwen3_8b_auditfix_v4_n860_qwen3vl4b_promptv4/images/vinl2vis_31984.png,none,"{""acceptable"": true, ""visible_chart_family"": ""bar"", ""major_issue"": ""none"", ""conservative_issue"": ""none""}",,bar,yes,no,no,no,no,unreadable_labels,5,
vinl2vis_25201,vlm_consensus_accepted,vlm_audit_heldout860_qwen3_8b_auditfix_v4_n860_qwen3vl4b_promptv4,wbexp_asean_dc_dac_dnkl_cd_net_bilateral_aid_flows_from_dac_donors_denmark_current,ambiguous,vi,line,"Tạo biểu đồ phù hợp cho chỉ số net bilateral aid flows from dac donors, denmark (current us$) mẫu 20.",/Users/nguyenthevinh/Library/CloudStorage/GoogleDrive-vinhnt@tnu.edu.vn/My Drive/NL2Vis_GenAI_Research_2025_2026/benchmark/faithbench/results/vlm_audit_heldout860_qwen3_8b_auditfix_v4_n860_qwen3vl4b_promptv4/images/vinl2vis_25201.png,none,"{""acceptable"": true, ""visible_chart_family"": ""line"", ""major_issue"": ""none"", ""conservative_issue"": ""none""}",,line,yes,yes,no,yes,no,missing_legend,5,
vinl2vis_33584,vlm_consensus_accepted,vlm_audit_heldout860_qwen3_8b_auditfix_v4_n860_qwen3vl4b_promptv4,wbexp_asean_fi_res_totl_mo_total_reserves_in_months_of_imports,underspecified,vi,bar,Xếp hạng các nước theo chỉ số total reserves in months of imports.,/Users/nguyenthevinh/Library/CloudStorage/GoogleDrive-vinhnt@tnu.edu.vn/My Drive/NL2Vis_GenAI_Research_2025_2026/benchmark/faithbench/results/vlm_audit_heldout860_qwen3_8b_auditfix_v4_n860_qwen3vl4b_promptv4/images/vinl2vis_33584.png,none,"{""acceptable"": true, ""visible_chart_family"": ""bar"", ""major_issue"": ""none"", ""conservative_issue"": ""none""}",,bar,yes,yes,no,yes,yes,none,4,
vinl2vis_05197,vlm_consensus_accepted,vlm_audit_heldout860_qwen3_8b_auditfix_v4_n860_qwen3vl4b_promptv4,wbexp_asean_ag_lnd_frst_zs_forest_area_of_land_area,explicit,vi,bar,"So sánh chỉ số forest area (% of land area) ở các quốc gia, biến thể 16.",/Users/nguyenthevinh/Library/CloudStorage/GoogleDrive-vinhnt@tnu.edu.vn/My Drive/NL2Vis_GenAI_Research_2025_2026/benchmark/faithbench/results/vlm_audit_heldout860_qwen3_8b_auditfix_v4_n860_qwen3vl4b_promptv4/images/vinl2vis_05197.png,none,"{""acceptable"": true, ""visible_chart_family"": ""bar"", ""major_issue"": ""none"", ""conservative_issue"": ""none""}",,scatter,no,no,yes,yes,no,wrong_chart_type,4,
vinl2vis_23436,vlm_consensus_accepted,vlm_audit_heldout860_qwen3_8b_auditfix_v4_n860_qwen3vl4b_promptv4,wbexp_asean_bn_gsr_gnfs_cd_net_trade_in_goods_and_services_bop_current_us,ambiguous,vi,line,"Tạo biểu đồ phù hợp cho chỉ số net trade in goods and services (bop, current us$) mẫu 15.",/Users/nguyenthevinh/Library/CloudStorage/GoogleDrive-vinhnt@tnu.edu.vn/My Drive/NL2Vis_GenAI_Research_2025_2026/benchmark/faithbench/results/vlm_audit_heldout860_qwen3_8b_auditfix_v4_n860_qwen3vl4b_promptv4/images/vinl2vis_23436.png,none,"{""acceptable"": true, ""visible_chart_family"": ""line"", ""major_issue"": ""none"", ""conservative_issue"": ""none""}",,line,yes,yes,yes,yes,yes,none,4,
vinl2vis_25237,vlm_consensus_accepted,vlm_audit_heldout860_qwen3_8b_auditfix_v4_n860_qwen3vl4b_promptv4,wbexp_asean_dc_dac_espl_cd_net_bilateral_aid_flows_from_dac_donors_spain_current_u,explicit,vi,bar,"So sánh chỉ số net bilateral aid flows from dac donors, spain (current us$) ở các quốc gia, biến thể 16.",/Users/nguyenthevinh/Library/CloudStorage/GoogleDrive-vinhnt@tnu.edu.vn/My Drive/NL2Vis_GenAI_Research_2025_2026/benchmark/faithbench/results/vlm_audit_heldout860_qwen3_8b_auditfix_v4_n860_qwen3vl4b_promptv4/images/vinl2vis_25237.png,none,"{""acceptable"": true, ""visible_chart_family"": ""bar"", ""major_issue"": ""none"", ""conservative_issue"": ""none""}",,bar,yes,yes,yes,yes,yes,none,4,
vinl2vis_29991,vlm_consensus_accepted,vlm_audit_heldout860_qwen3_8b_auditfix_v4_n860_qwen3vl4b_promptv4,wbexp_asean_en_clc_heat_xd_heat_index_35,multi_turn,vi,bar,"Hãy so sánh các nước.
Dùng năm mới nhất.",/Users/nguyenthevinh/Library/CloudStorage/GoogleDrive-vinhnt@tnu.edu.vn/My Drive/NL2Vis_GenAI_Research_2025_2026/benchmark/faithbench/results/vlm_audit_heldout860_qwen3_8b_auditfix_v4_n860_qwen3vl4b_promptv4/images/vinl2vis_29991.png,none,"{""acceptable"": true, ""visible_chart_family"": ""bar"", ""major_issue"": ""none"", ""conservative_issue"": ""none""}",,bar,yes,yes,yes,no,yes,none,5,
vinl2vis_22757,vlm_consensus_accepted,vlm_audit_heldout860_qwen3_8b_auditfix_v4_n860_qwen3vl4b_promptv4,wbexp_asean_bm_gsr_fcty_cd_primary_income_payments_bop_current_us,explicit,vi,bar,"So sánh chỉ số primary income payments (bop, current us$) ở các quốc gia, biến thể 16.",/Users/nguyenthevinh/Library/CloudStorage/GoogleDrive-vinhnt@tnu.edu.vn/My Drive/NL2Vis_GenAI_Research_2025_2026/benchmark/faithbench/results/vlm_audit_heldout860_qwen3_8b_auditfix_v4_n860_qwen3vl4b_promptv4/images/vinl2vis_22757.png,none,"{""acceptable"": true, ""visible_chart_family"": ""bar"", ""major_issue"": ""none"", ""conservative_issue"": ""none""}",,bar,yes,no,no,yes,yes,none,4,
vinl2vis_23396,vlm_consensus_accepted,vlm_audit_heldout860_qwen3_8b_auditfix_v4_n860_qwen3vl4b_promptv4,wbexp_asean_bn_gsr_fcty_cd_net_primary_income_bop_current_us,ambiguous,vi,line,"Tạo biểu đồ phù hợp cho chỉ số net primary income (bop, current us$) mẫu 15.",/Users/nguyenthevinh/Library/CloudStorage/GoogleDrive-vinhnt@tnu.edu.vn/My Drive/NL2Vis_GenAI_Research_2025_2026/benchmark/faithbench/results/vlm_audit_heldout860_qwen3_8b_auditfix_v4_n860_qwen3vl4b_promptv4/images/vinl2vis_23396.png,none,"{""acceptable"": true, ""visible_chart_family"": ""line"", ""major_issue"": ""none"", ""conservative_issue"": ""none""}",,line,yes,yes,yes,yes,yes,none,4,
vinl2vis_28150,vlm_consensus_accepted,vlm_audit_heldout860_qwen3_8b_auditfix_v4_n860_qwen3vl4b_promptv4,wbexp_asean_dt_tds_dppg_gn_zs_public_and_publicly_guaranteed_debt_service_of_gni,multi_turn,vi,line,"Tôi muốn xem xu hướng.
Dùng dữ liệu này và tách theo quốc gia.",/Users/nguyenthevinh/Library/CloudStorage/GoogleDrive-vinhnt@tnu.edu.vn/My Drive/NL2Vis_GenAI_Research_2025_2026/benchmark/faithbench/results/vlm_audit_heldout860_qwen3_8b_auditfix_v4_n860_qwen3vl4b_promptv4/images/vinl2vis_28150.png,none,"{""acceptable"": true, ""visible_chart_family"": ""line"", ""major_issue"": ""none"", ""conservative_issue"": ""none""}",,scatter,no,no,yes,yes,yes,none,5,
vinl2vis_33544,vlm_consensus_accepted,vlm_audit_heldout860_qwen3_8b_auditfix_v4_n860_qwen3vl4b_promptv4,wbexp_asean_fi_res_totl_dt_zs_total_reserves_of_total_external_debt,underspecified,vi,bar,Xếp hạng các nước theo chỉ số total reserves (% of total external debt).,/Users/nguyenthevinh/Library/CloudStorage/GoogleDrive-vinhnt@tnu.edu.vn/My Drive/NL2Vis_GenAI_Research_2025_2026/benchmark/faithbench/results/vlm_audit_heldout860_qwen3_8b_auditfix_v4_n860_qwen3vl4b_promptv4/images/vinl2vis_33544.png,none,"{""acceptable"": true, ""visible_chart_family"": ""bar"", ""major_issue"": ""none"", ""conservative_issue"": ""none""}",,bar,yes,no,yes,yes,yes,none,4,
vinl2vis_28190,vlm_consensus_accepted,vlm_audit_heldout860_qwen3_8b_auditfix_v4_n860_qwen3vl4b_promptv4,wbexp_asean_dt_tds_dppg_xp_zs_public_and_publicly_guaranteed_debt_service_of_expor,multi_turn,vi,line,"Tôi muốn xem xu hướng.
Dùng dữ liệu này và tách theo quốc gia.",/Users/nguyenthevinh/Library/CloudStorage/GoogleDrive-vinhnt@tnu.edu.vn/My Drive/NL2Vis_GenAI_Research_2025_2026/benchmark/faithbench/results/vlm_audit_heldout860_qwen3_8b_auditfix_v4_n860_qwen3vl4b_promptv4/images/vinl2vis_28190.png,none,"{""acceptable"": true, ""visible_chart_family"": ""line"", ""major_issue"": ""none"", ""conservative_issue"": ""none""}",,line,yes,yes,yes,yes,yes,none,4,
vinl2vis_28710,vlm_consensus_accepted,vlm_audit_heldout860_qwen3_8b_auditfix_v4_n860_qwen3vl4b_promptv4,wbexp_asean_eg_elc_accs_zs_access_to_electricity_of_population,multi_turn,vi,line,"Tôi muốn xem xu hướng.
Dùng dữ liệu này và tách theo quốc gia.",/Users/nguyenthevinh/Library/CloudStorage/GoogleDrive-vinhnt@tnu.edu.vn/My Drive/NL2Vis_GenAI_Research_2025_2026/benchmark/faithbench/results/vlm_audit_heldout860_qwen3_8b_auditfix_v4_n860_qwen3vl4b_promptv4/images/vinl2vis_28710.png,none,"{""acceptable"": true, ""visible_chart_family"": ""line"", ""major_issue"": ""none"", ""conservative_issue"": ""none""}",,line,yes,yes,yes,yes,yes,none,4,
vinl2vis_04757,vlm_consensus_accepted,vlm_audit_heldout860_qwen3_8b_auditfix_v4_n860_qwen3vl4b_promptv4,wbexp_asean_ag_con_fert_pt_zs_fertilizer_consumption_of_fertilizer_production,explicit,vi,bar,"So sánh chỉ số fertilizer consumption (% of fertilizer production) ở các quốc gia, biến thể 16.",/Users/nguyenthevinh/Library/CloudStorage/GoogleDrive-vinhnt@tnu.edu.vn/My Drive/NL2Vis_GenAI_Research_2025_2026/benchmark/faithbench/results/vlm_audit_heldout860_qwen3_8b_auditfix_v4_n860_qwen3vl4b_promptv4/images/vinl2vis_04757.png,none,"{""acceptable"": true, ""visible_chart_family"": ""bar"", ""major_issue"": ""none"", ""conservative_issue"": ""none""}",,bar,yes,yes,yes,yes,yes,none,4,
vinl2vis_27790,vlm_consensus_accepted,vlm_audit_heldout860_qwen3_8b_auditfix_v4_n860_qwen3vl4b_promptv4,wbexp_asean_dt_oda_odat_mp_zs_net_oda_received_of_imports_of_goods_services_and_pr,multi_turn,vi,line,"Tôi muốn xem xu hướng.
Dùng dữ liệu này và tách theo quốc gia.",/Users/nguyenthevinh/Library/CloudStorage/GoogleDrive-vinhnt@tnu.edu.vn/My Drive/NL2Vis_GenAI_Research_2025_2026/benchmark/faithbench/results/vlm_audit_heldout860_qwen3_8b_auditfix_v4_n860_qwen3vl4b_promptv4/images/vinl2vis_27790.png,none,"{""acceptable"": true, ""visible_chart_family"": ""line"", ""major_issue"": ""none"", ""conservative_issue"": ""none""}",,bar,no,yes,yes,no,yes,none,4,
vinl2vis_33024,vlm_consensus_accepted,vlm_audit_heldout860_qwen3_8b_auditfix_v4_n860_qwen3vl4b_promptv4,wbexp_asean_er_h2o_intr_pc_renewable_internal_freshwater_resources_per_capita_cubi,underspecified,vi,bar,Xếp hạng các nước theo chỉ số renewable internal freshwater resources per capita (cubic meters).,/Users/nguyenthevinh/Library/CloudStorage/GoogleDrive-vinhnt@tnu.edu.vn/My Drive/NL2Vis_GenAI_Research_2025_2026/benchmark/faithbench/results/vlm_audit_heldout860_qwen3_8b_auditfix_v4_n860_qwen3vl4b_promptv4/images/vinl2vis_33024.png,none,"{""acceptable"": true, ""visible_chart_family"": ""bar"", ""major_issue"": ""none"", ""conservative_issue"": ""none""}",,bar,yes,yes,yes,yes,yes,none,4,
vinl2vis_32944,vlm_consensus_accepted,vlm_audit_heldout860_qwen3_8b_auditfix_v4_n860_qwen3vl4b_promptv4,wbexp_asean_er_h2o_fwtl_zs_annual_freshwater_withdrawals_total_of_internal_resourc,underspecified,vi,bar,"Xếp hạng các nước theo chỉ số annual freshwater withdrawals, total (% of internal resources).",/Users/nguyenthevinh/Library/CloudStorage/GoogleDrive-vinhnt@tnu.edu.vn/My Drive/NL2Vis_GenAI_Research_2025_2026/benchmark/faithbench/results/vlm_audit_heldout860_qwen3_8b_auditfix_v4_n860_qwen3vl4b_promptv4/images/vinl2vis_32944.png,none,"{""acceptable"": true, ""visible_chart_family"": ""bar"", ""major_issue"": ""none"", ""conservative_issue"": ""none""}",,bar,yes,no,no,yes,yes,none,5,
vinl2vis_05117,vlm_consensus_accepted,vlm_audit_heldout860_qwen3_8b_auditfix_v4_n860_qwen3vl4b_promptv4,wbexp_asean_ag_lnd_frls_ha_tree_cover_loss_hectares,explicit,vi,bar,"So sánh chỉ số tree cover loss (hectares) ở các quốc gia, biến thể 16.",/Users/nguyenthevinh/Library/CloudStorage/GoogleDrive-vinhnt@tnu.edu.vn/My Drive/NL2Vis_GenAI_Research_2025_2026/benchmark/faithbench/results/vlm_audit_heldout860_qwen3_8b_auditfix_v4_n860_qwen3vl4b_promptv4/images/vinl2vis_05117.png,none,"{""acceptable"": true, ""visible_chart_family"": ""bar"", ""major_issue"": ""none"", ""conservative_issue"": ""none""}",,bar,yes,no,no,yes,no,unreadable_labels,4,
vinl2vis_22997,vlm_consensus_accepted,vlm_audit_heldout860_qwen3_8b_auditfix_v4_n860_qwen3vl4b_promptv4,wbexp_asean_bm_gsr_totl_cd_imports_of_goods_services_and_primary_income_bop_curren,explicit,vi,bar,"So sánh chỉ số imports of goods, services and primary income (bop, current us$) ở các quốc gia, biến thể 16.",/Users/nguyenthevinh/Library/CloudStorage/GoogleDrive-vinhnt@tnu.edu.vn/My Drive/NL2Vis_GenAI_Research_2025_2026/benchmark/faithbench/results/vlm_audit_heldout860_qwen3_8b_auditfix_v4_n860_qwen3vl4b_promptv4/images/vinl2vis_22997.png,none,"{""acceptable"": true, ""visible_chart_family"": ""bar"", ""major_issue"": ""none"", ""conservative_issue"": ""none""}",,bar,yes,no,yes,yes,yes,none,5,
vinl2vis_23676,vlm_consensus_accepted,vlm_audit_heldout860_qwen3_8b_auditfix_v4_n860_qwen3vl4b_promptv4,wbexp_asean_bn_trf_curr_cd_net_secondary_income_bop_current_us,ambiguous,vi,line,"Tạo biểu đồ phù hợp cho chỉ số net secondary income (bop, current us$) mẫu 15.",/Users/nguyenthevinh/Library/CloudStorage/GoogleDrive-vinhnt@tnu.edu.vn/My Drive/NL2Vis_GenAI_Research_2025_2026/benchmark/faithbench/results/vlm_audit_heldout860_qwen3_8b_auditfix_v4_n860_qwen3vl4b_promptv4/images/vinl2vis_23676.png,none,"{""acceptable"": true, ""visible_chart_family"": ""line"", ""major_issue"": ""none"", ""conservative_issue"": ""none""}",,bar,no,yes,yes,yes,no,data_mismatch,5,
vinl2vis_23962,vlm_consensus_accepted,vlm_audit_heldout860_qwen3_8b_auditfix_v4_n860_qwen3vl4b_promptv4,wbexp_asean_bx_gsr_fcty_cd_primary_income_receipts_bop_current_us,explicit,vi,bar,"So sánh chỉ số primary income receipts (bop, current us$) ở các quốc gia, biến thể 21.",/Users/nguyenthevinh/Library/CloudStorage/GoogleDrive-vinhnt@tnu.edu.vn/My Drive/NL2Vis_GenAI_Research_2025_2026/benchmark/faithbench/results/vlm_audit_heldout860_qwen3_8b_auditfix_v4_n860_qwen3vl4b_promptv4/images/vinl2vis_23962.png,none,"{""acceptable"": true, ""visible_chart_family"": ""bar"", ""major_issue"": ""none"", ""conservative_issue"": ""none""}",,bar,yes,yes,yes,yes,yes,none,4,
vinl2vis_04762,vlm_consensus_accepted,vlm_audit_heldout860_qwen3_8b_auditfix_v4_n860_qwen3vl4b_promptv4,wbexp_asean_ag_con_fert_pt_zs_fertilizer_consumption_of_fertilizer_production,explicit,vi,bar,"So sánh chỉ số fertilizer consumption (% of fertilizer production) ở các quốc gia, biến thể 21.",/Users/nguyenthevinh/Library/CloudStorage/GoogleDrive-vinhnt@tnu.edu.vn/My Drive/NL2Vis_GenAI_Research_2025_2026/benchmark/faithbench/results/vlm_audit_heldout860_qwen3_8b_auditfix_v4_n860_qwen3vl4b_promptv4/images/vinl2vis_04762.png,none,"{""acceptable"": true, ""visible_chart_family"": ""bar"", ""major_issue"": ""none"", ""conservative_issue"": ""none""}",,bar,yes,yes,yes,yes,yes,none,5,
vinl2vis_30231,vlm_consensus_accepted,vlm_audit_heldout860_qwen3_8b_auditfix_v4_n860_qwen3vl4b_promptv4,wbexp_asean_en_ghg_ch4_bu_mt_ce_ar5_methane_ch4_emissions_from_building_energy_mt_,multi_turn,vi,bar,"Hãy so sánh các nước.
Dùng năm mới nhất.",/Users/nguyenthevinh/Library/CloudStorage/GoogleDrive-vinhnt@tnu.edu.vn/My Drive/NL2Vis_GenAI_Research_2025_2026/benchmark/faithbench/results/vlm_audit_heldout860_qwen3_8b_auditfix_v4_n860_qwen3vl4b_promptv4/images/vinl2vis_30231.png,none,"{""acceptable"": true, ""visible_chart_family"": ""bar"", ""major_issue"": ""none"", ""conservative_issue"": ""none""}",,bar,yes,no,yes,yes,yes,none,4,
vinl2vis_30584,vlm_consensus_accepted,vlm_audit_heldout860_qwen3_8b_auditfix_v4_n860_qwen3vl4b_promptv4,wbexp_asean_en_ghg_co2_ag_mt_ce_ar5_carbon_dioxide_co2_emissions_from_agriculture_,underspecified,vi,bar,Xếp hạng các nước theo chỉ số carbon dioxide (co2) emissions from agriculture (mt co2e).,/Users/nguyenthevinh/Library/CloudStorage/GoogleDrive-vinhnt@tnu.edu.vn/My Drive/NL2Vis_GenAI_Research_2025_2026/benchmark/faithbench/results/vlm_audit_heldout860_qwen3_8b_auditfix_v4_n860_qwen3vl4b_promptv4/images/vinl2vis_30584.png,none,"{""acceptable"": true, ""visible_chart_family"": ""bar"", ""major_issue"": ""none"", ""conservative_issue"": ""none""}",,bar,yes,yes,yes,no,yes,none,4,
vinl2vis_26870,vlm_consensus_accepted,vlm_audit_heldout860_qwen3_8b_auditfix_v4_n860_qwen3vl4b_promptv4,wbexp_asean_dt_nfl_pbnd_cd_ppg_bonds_nfl_current_us,multi_turn,vi,line,"Tôi muốn xem xu hướng.
Dùng dữ liệu này và tách theo quốc gia.",/Users/nguyenthevinh/Library/CloudStorage/GoogleDrive-vinhnt@tnu.edu.vn/My Drive/NL2Vis_GenAI_Research_2025_2026/benchmark/faithbench/results/vlm_audit_heldout860_qwen3_8b_auditfix_v4_n860_qwen3vl4b_promptv4/images/vinl2vis_26870.png,none,"{""acceptable"": true, ""visible_chart_family"": ""line"", ""major_issue"": ""none"", ""conservative_issue"": ""none""}",,line,yes,no,yes,yes,yes,none,5,
vinl2vis_24676,vlm_consensus_accepted,vlm_audit_heldout860_qwen3_8b_auditfix_v4_n860_qwen3vl4b_promptv4,wbexp_asean_cm_mkt_lcap_gd_zs_market_capitalization_of_listed_domestic_companies_o,ambiguous,vi,line,Tạo biểu đồ phù hợp cho chỉ số market capitalization of listed domestic companies (% of gdp) mẫu 15.,/Users/nguyenthevinh/Library/CloudStorage/GoogleDrive-vinhnt@tnu.edu.vn/My Drive/NL2Vis_GenAI_Research_2025_2026/benchmark/faithbench/results/vlm_audit_heldout860_qwen3_8b_auditfix_v4_n860_qwen3vl4b_promptv4/images/vinl2vis_24676.png,none,"{""acceptable"": true, ""visible_chart_family"": ""line"", ""major_issue"": ""none"", ""conservative_issue"": ""none""}",,line,yes,yes,yes,yes,yes,none,5,
vinl2vis_24476,vlm_consensus_accepted,vlm_audit_heldout860_qwen3_8b_auditfix_v4_n860_qwen3vl4b_promptv4,wbexp_asean_bx_trf_pwkr_cd_personal_transfers_receipts_bop_current_us,ambiguous,vi,line,"Tạo biểu đồ phù hợp cho chỉ số personal transfers, receipts (bop, current us$) mẫu 15.",/Users/nguyenthevinh/Library/CloudStorage/GoogleDrive-vinhnt@tnu.edu.vn/My Drive/NL2Vis_GenAI_Research_2025_2026/benchmark/faithbench/results/vlm_audit_heldout860_qwen3_8b_auditfix_v4_n860_qwen3vl4b_promptv4/images/vinl2vis_24476.png,none,"{""acceptable"": true, ""visible_chart_family"": ""line"", ""major_issue"": ""none"", ""conservative_issue"": ""none""}",,line,yes,yes,no,yes,yes,none,5,
vinl2vis_25161,vlm_consensus_accepted,vlm_audit_heldout860_qwen3_8b_auditfix_v4_n860_qwen3vl4b_promptv4,wbexp_asean_dc_dac_deul_cd_net_bilateral_aid_flows_from_dac_donors_germany_current,ambiguous,vi,line,"Tạo biểu đồ phù hợp cho chỉ số net bilateral aid flows from dac donors, germany (current us$) mẫu 20.",/Users/nguyenthevinh/Library/CloudStorage/GoogleDrive-vinhnt@tnu.edu.vn/My Drive/NL2Vis_GenAI_Research_2025_2026/benchmark/faithbench/results/vlm_audit_heldout860_qwen3_8b_auditfix_v4_n860_qwen3vl4b_promptv4/images/vinl2vis_25161.png,none,"{""acceptable"": true, ""visible_chart_family"": ""line"", ""major_issue"": ""none"", ""conservative_issue"": ""none""}",,line,yes,yes,yes,yes,no,data_mismatch,5,
vinl2vis_23042,vlm_consensus_accepted,vlm_audit_heldout860_qwen3_8b_auditfix_v4_n860_qwen3vl4b_promptv4,wbexp_asean_bm_gsr_tran_zs_transport_services_of_service_imports_bop,explicit,vi,bar,"So sánh chỉ số transport services (% of service imports, bop) ở các quốc gia, biến thể 21.",/Users/nguyenthevinh/Library/CloudStorage/GoogleDrive-vinhnt@tnu.edu.vn/My Drive/NL2Vis_GenAI_Research_2025_2026/benchmark/faithbench/results/vlm_audit_heldout860_qwen3_8b_auditfix_v4_n860_qwen3vl4b_promptv4/images/vinl2vis_23042.png,none,"{""acceptable"": true, ""visible_chart_family"": ""bar"", ""major_issue"": ""none"", ""conservative_issue"": ""none""}",,bar,yes,yes,yes,yes,yes,none,4,
vinl2vis_28591,vlm_consensus_accepted,vlm_audit_heldout860_qwen3_8b_auditfix_v4_n860_qwen3vl4b_promptv4,wbexp_asean_eg_egy_prim_pp_kd_energy_intensity_level_of_primary_energy_mj_2021_ppp,multi_turn,vi,bar,"Hãy so sánh các nước.
Dùng năm mới nhất.",/Users/nguyenthevinh/Library/CloudStorage/GoogleDrive-vinhnt@tnu.edu.vn/My Drive/NL2Vis_GenAI_Research_2025_2026/benchmark/faithbench/results/vlm_audit_heldout860_qwen3_8b_auditfix_v4_n860_qwen3vl4b_promptv4/images/vinl2vis_28591.png,none,"{""acceptable"": true, ""visible_chart_family"": ""bar"", ""major_issue"": ""none"", ""conservative_issue"": ""none""}",,scatter,no,no,yes,yes,no,wrong_chart_type,5,
vinl2vis_04801,vlm_consensus_accepted,vlm_audit_heldout860_qwen3_8b_auditfix_v4_n860_qwen3vl4b_promptv4,wbexp_asean_ag_con_fert_zs_fertilizer_consumption_kilograms_per_hectare_of_arable_,ambiguous,vi,line,Tạo biểu đồ phù hợp cho chỉ số fertilizer consumption (kilograms per hectare of arable land) mẫu 20.,/Users/nguyenthevinh/Library/CloudStorage/GoogleDrive-vinhnt@tnu.edu.vn/My Drive/NL2Vis_GenAI_Research_2025_2026/benchmark/faithbench/results/vlm_audit_heldout860_qwen3_8b_auditfix_v4_n860_qwen3vl4b_promptv4/images/vinl2vis_04801.png,none,"{""acceptable"": true, ""visible_chart_family"": ""line"", ""major_issue"": ""none"", ""conservative_issue"": ""none""}",,line,yes,no,yes,no,yes,none,5,
vinl2vis_22961,vlm_consensus_accepted,vlm_audit_heldout860_qwen3_8b_auditfix_v4_n860_qwen3vl4b_promptv4,wbexp_asean_bm_gsr_royl_cd_charges_for_the_use_of_intellectual_property_payments_b,ambiguous,vi,line,"Tạo biểu đồ phù hợp cho chỉ số charges for the use of intellectual property, payments (bop, current us$) mẫu 20.",/Users/nguyenthevinh/Library/CloudStorage/GoogleDrive-vinhnt@tnu.edu.vn/My Drive/NL2Vis_GenAI_Research_2025_2026/benchmark/faithbench/results/vlm_audit_heldout860_qwen3_8b_auditfix_v4_n860_qwen3vl4b_promptv4/images/vinl2vis_22961.png,none,"{""acceptable"": true, ""visible_chart_family"": ""area"", ""major_issue"": ""none"", ""conservative_issue"": ""none""}",,bar,no,no,no,yes,yes,none,5,
vinl2vis_32744,vlm_consensus_accepted,vlm_audit_heldout860_qwen3_8b_auditfix_v4_n860_qwen3vl4b_promptv4,wbexp_asean_er_h2o_fwag_zs_annual_freshwater_withdrawals_agriculture_of_total_fres,underspecified,vi,bar,"Xếp hạng các nước theo chỉ số annual freshwater withdrawals, agriculture (% of total freshwater withdrawal).",/Users/nguyenthevinh/Library/CloudStorage/GoogleDrive-vinhnt@tnu.edu.vn/My Drive/NL2Vis_GenAI_Research_2025_2026/benchmark/faithbench/results/vlm_audit_heldout860_qwen3_8b_auditfix_v4_n860_qwen3vl4b_promptv4/images/vinl2vis_32744.png,none,"{""acceptable"": true, ""visible_chart_family"": ""bar"", ""major_issue"": ""none"", ""conservative_issue"": ""none""}",,bar,yes,yes,no,yes,yes,none,4,
vinl2vis_05521,vlm_consensus_accepted,vlm_audit_heldout860_qwen3_8b_auditfix_v4_n860_qwen3vl4b_promptv4,wbexp_asean_ag_yld_crel_kg_cereal_yield_kg_per_hectare,ambiguous,vi,line,Tạo biểu đồ phù hợp cho chỉ số cereal yield (kg per hectare) mẫu 20.,/Users/nguyenthevinh/Library/CloudStorage/GoogleDrive-vinhnt@tnu.edu.vn/My Drive/NL2Vis_GenAI_Research_2025_2026/benchmark/faithbench/results/vlm_audit_heldout860_qwen3_8b_auditfix_v4_n860_qwen3vl4b_promptv4/images/vinl2vis_05521.png,none,"{""acceptable"": true, ""visible_chart_family"": ""line"", ""major_issue"": ""none"", ""conservative_issue"": ""none""}",,line,yes,no,no,yes,no,data_mismatch,5,
vinl2vis_28271,vlm_consensus_accepted,vlm_audit_heldout860_qwen3_8b_auditfix_v4_n860_qwen3vl4b_promptv4,wbexp_asean_dt_tds_mlat_pg_zs_multilateral_debt_service_of_public_and_publicly_gua,multi_turn,vi,bar,"Hãy so sánh các nước.
Dùng năm mới nhất.",/Users/nguyenthevinh/Library/CloudStorage/GoogleDrive-vinhnt@tnu.edu.vn/My Drive/NL2Vis_GenAI_Research_2025_2026/benchmark/faithbench/results/vlm_audit_heldout860_qwen3_8b_auditfix_v4_n860_qwen3vl4b_promptv4/images/vinl2vis_28271.png,none,"{""acceptable"": true, ""visible_chart_family"": ""bar"", ""major_issue"": ""none"", ""conservative_issue"": ""none""}",,bar,yes,yes,yes,yes,no,unreadable_labels,5,
vinl2vis_31824,vlm_consensus_accepted,vlm_audit_heldout860_qwen3_8b_auditfix_v4_n860_qwen3vl4b_promptv4,wbexp_asean_en_pop_dnst_population_density_people_per_sq_km_of_land_area,underspecified,vi,bar,Xếp hạng các nước theo chỉ số population density (people per sq. km of land area).,/Users/nguyenthevinh/Library/CloudStorage/GoogleDrive-vinhnt@tnu.edu.vn/My Drive/NL2Vis_GenAI_Research_2025_2026/benchmark/faithbench/results/vlm_audit_heldout860_qwen3_8b_auditfix_v4_n860_qwen3vl4b_promptv4/images/vinl2vis_31824.png,none,"{""acceptable"": true, ""visible_chart_family"": ""bar"", ""major_issue"": ""none"", ""conservative_issue"": ""none""}",,bar,yes,yes,yes,yes,yes,none,5,
vinl2vis_27390,vlm_consensus_accepted,vlm_audit_heldout860_qwen3_8b_auditfix_v4_n860_qwen3vl4b_promptv4,wbexp_asean_dt_nfl_unfp_cd_net_official_flows_from_un_agencies_unfpa_current_us,multi_turn,vi,line,"Tôi muốn xem xu hướng.
Dùng dữ liệu này và tách theo quốc gia.",/Users/nguyenthevinh/Library/CloudStorage/GoogleDrive-vinhnt@tnu.edu.vn/My Drive/NL2Vis_GenAI_Research_2025_2026/benchmark/faithbench/results/vlm_audit_heldout860_qwen3_8b_auditfix_v4_n860_qwen3vl4b_promptv4/images/vinl2vis_27390.png,none,"{""acceptable"": true, ""visible_chart_family"": ""line"", ""major_issue"": ""none"", ""conservative_issue"": ""none""}",,line,yes,yes,yes,yes,no,data_mismatch,5,
vinl2vis_27150,vlm_consensus_accepted,vlm_audit_heldout860_qwen3_8b_auditfix_v4_n860_qwen3vl4b_promptv4,wbexp_asean_dt_nfl_rdbc_cd_net_financial_flows_rdb_concessional_nfl_current_us,multi_turn,vi,line,"Tôi muốn xem xu hướng.
Dùng dữ liệu này và tách theo quốc gia.",/Users/nguyenthevinh/Library/CloudStorage/GoogleDrive-vinhnt@tnu.edu.vn/My Drive/NL2Vis_GenAI_Research_2025_2026/benchmark/faithbench/results/vlm_audit_heldout860_qwen3_8b_auditfix_v4_n860_qwen3vl4b_promptv4/images/vinl2vis_27150.png,none,"{""acceptable"": true, ""visible_chart_family"": ""line"", ""major_issue"": ""none"", ""conservative_issue"": ""none""}",,line,yes,yes,no,yes,yes,none,5,
vinl2vis_31144,vlm_consensus_accepted,vlm_audit_heldout860_qwen3_8b_auditfix_v4_n860_qwen3vl4b_promptv4,wbexp_asean_en_ghg_co2_rt_gdp_pp_kd_carbon_intensity_of_gdp_kg_co2e_per_2021_ppp_o,underspecified,vi,bar,Xếp hạng các nước theo chỉ số carbon intensity of gdp (kg co2e per 2021 ppp $ of gdp).,/Users/nguyenthevinh/Library/CloudStorage/GoogleDrive-vinhnt@tnu.edu.vn/My Drive/NL2Vis_GenAI_Research_2025_2026/benchmark/faithbench/results/vlm_audit_heldout860_qwen3_8b_auditfix_v4_n860_qwen3vl4b_promptv4/images/vinl2vis_31144.png,none,"{""acceptable"": true, ""visible_chart_family"": ""bar"", ""major_issue"": ""none"", ""conservative_issue"": ""none""}",,bar,yes,no,no,yes,yes,none,4,
vinl2vis_05322,vlm_consensus_accepted,vlm_audit_heldout860_qwen3_8b_auditfix_v4_n860_qwen3vl4b_promptv4,wbexp_asean_ag_prd_crel_mt_cereal_production_metric_tons,explicit,vi,bar,"So sánh chỉ số cereal production (metric tons) ở các quốc gia, biến thể 21.",/Users/nguyenthevinh/Library/CloudStorage/GoogleDrive-vinhnt@tnu.edu.vn/My Drive/NL2Vis_GenAI_Research_2025_2026/benchmark/faithbench/results/vlm_audit_heldout860_qwen3_8b_auditfix_v4_n860_qwen3vl4b_promptv4/images/vinl2vis_05322.png,none,"{""acceptable"": true, ""visible_chart_family"": ""bar"", ""major_issue"": ""none"", ""conservative_issue"": ""none""}",,bar,yes,no,yes,yes,yes,none,5,
vinl2vis_04922,vlm_consensus_accepted,vlm_audit_heldout860_qwen3_8b_auditfix_v4_n860_qwen3vl4b_promptv4,wbexp_asean_ag_lnd_arbl_ha_arable_land_hectares,explicit,vi,bar,"So sánh chỉ số arable land (hectares) ở các quốc gia, biến thể 21.",/Users/nguyenthevinh/Library/CloudStorage/GoogleDrive-vinhnt@tnu.edu.vn/My Drive/NL2Vis_GenAI_Research_2025_2026/benchmark/faithbench/results/vlm_audit_heldout860_qwen3_8b_auditfix_v4_n860_qwen3vl4b_promptv4/images/vinl2vis_04922.png,none,"{""acceptable"": true, ""visible_chart_family"": ""bar"", ""major_issue"": ""none"", ""conservative_issue"": ""none""}",,bar,yes,yes,yes,yes,no,wrong_chart_type,4,
vinl2vis_27471,vlm_consensus_accepted,vlm_audit_heldout860_qwen3_8b_auditfix_v4_n860_qwen3vl4b_promptv4,wbexp_asean_dt_nfl_wfpg_cd_net_official_flows_from_un_agencies_wfp_current_us,multi_turn,vi,bar,"Hãy so sánh các nước.
Dùng năm mới nhất.",/Users/nguyenthevinh/Library/CloudStorage/GoogleDrive-vinhnt@tnu.edu.vn/My Drive/NL2Vis_GenAI_Research_2025_2026/benchmark/faithbench/results/vlm_audit_heldout860_qwen3_8b_auditfix_v4_n860_qwen3vl4b_promptv4/images/vinl2vis_27471.png,none,"{""acceptable"": true, ""visible_chart_family"": ""bar"", ""major_issue"": ""none"", ""conservative_issue"": ""none""}",,line,no,yes,yes,yes,yes,none,5,
vinl2vis_22676,vlm_consensus_accepted,vlm_audit_heldout860_qwen3_8b_auditfix_v4_n860_qwen3vl4b_promptv4,wbexp_asean_bi_wag_totl_pb_zs_wage_bill_as_a_percentage_of_public_expenditure,ambiguous,vi,line,Tạo biểu đồ phù hợp cho chỉ số wage bill as a percentage of public expenditure mẫu 15.,/Users/nguyenthevinh/Library/CloudStorage/GoogleDrive-vinhnt@tnu.edu.vn/My Drive/NL2Vis_GenAI_Research_2025_2026/benchmark/faithbench/results/vlm_audit_heldout860_qwen3_8b_auditfix_v4_n860_qwen3vl4b_promptv4/images/vinl2vis_22676.png,none,"{""acceptable"": true, ""visible_chart_family"": ""line"", ""major_issue"": ""none"", ""conservative_issue"": ""none""}",,line,yes,yes,yes,no,no,missing_legend,5,
vinl2vis_25481,vlm_consensus_accepted,vlm_audit_heldout860_qwen3_8b_auditfix_v4_n860_qwen3vl4b_promptv4,wbexp_asean_dc_dac_ital_cd_net_bilateral_aid_flows_from_dac_donors_italy_current_u,ambiguous,vi,line,"Tạo biểu đồ phù hợp cho chỉ số net bilateral aid flows from dac donors, italy (current us$) mẫu 20.",/Users/nguyenthevinh/Library/CloudStorage/GoogleDrive-vinhnt@tnu.edu.vn/My Drive/NL2Vis_GenAI_Research_2025_2026/benchmark/faithbench/results/vlm_audit_heldout860_qwen3_8b_auditfix_v4_n860_qwen3vl4b_promptv4/images/vinl2vis_25481.png,none,"{""acceptable"": true, ""visible_chart_family"": ""line"", ""major_issue"": ""none"", ""conservative_issue"": ""none""}",,line,yes,yes,yes,yes,yes,none,4,
vinl2vis_22956,vlm_consensus_accepted,vlm_audit_heldout860_qwen3_8b_auditfix_v4_n860_qwen3vl4b_promptv4,wbexp_asean_bm_gsr_royl_cd_charges_for_the_use_of_intellectual_property_payments_b,ambiguous,vi,line,"Tạo biểu đồ phù hợp cho chỉ số charges for the use of intellectual property, payments (bop, current us$) mẫu 15.",/Users/nguyenthevinh/Library/CloudStorage/GoogleDrive-vinhnt@tnu.edu.vn/My Drive/NL2Vis_GenAI_Research_2025_2026/benchmark/faithbench/results/vlm_audit_heldout860_qwen3_8b_auditfix_v4_n860_qwen3vl4b_promptv4/images/vinl2vis_22956.png,none,"{""acceptable"": true, ""visible_chart_family"": ""line"", ""major_issue"": ""none"", ""conservative_issue"": ""none""}",,line,yes,yes,yes,yes,yes,none,4,
vinl2vis_24642,vlm_consensus_accepted,vlm_audit_heldout860_qwen3_8b_auditfix_v4_n860_qwen3vl4b_promptv4,wbexp_asean_cm_mkt_lcap_cd_market_capitalization_of_listed_domestic_companies_curr,explicit,vi,bar,"So sánh chỉ số market capitalization of listed domestic companies (current us$) ở các quốc gia, biến thể 21.",/Users/nguyenthevinh/Library/CloudStorage/GoogleDrive-vinhnt@tnu.edu.vn/My Drive/NL2Vis_GenAI_Research_2025_2026/benchmark/faithbench/results/vlm_audit_heldout860_qwen3_8b_auditfix_v4_n860_qwen3vl4b_promptv4/images/vinl2vis_24642.png,none,"{""acceptable"": true, ""visible_chart_family"": ""bar"", ""major_issue"": ""none"", ""conservative_issue"": ""none""}",,line,no,no,no,yes,yes,none,5,
vinl2vis_27344,primary_vlm_flagged,vlm_audit_vietnamese_balanced_auditfix_v2_n1000_qwen3vl4b_promptv4,wbexp_asean_dt_nfl_undp_cd_net_official_flows_from_un_agencies_undp_current_us,underspecified,vi,bar,"Xếp hạng các nước theo chỉ số net official flows from un agencies, undp (current us$).",/Users/nguyenthevinh/Library/CloudStorage/GoogleDrive-vinhnt@tnu.edu.vn/My Drive/NL2Vis_GenAI_Research_2025_2026/benchmark/faithbench/results/vlm_audit_vietnamese_balanced_auditfix_v2_n1000_qwen3vl4b_promptv4/images/vinl2vis_27344.png,wrong_chart_type,"{""acceptable"": false, ""visible_chart_family"": ""area"", ""major_issue"": ""wrong_chart_type"", ""conservative_issue"": ""wrong_chart_type""}",,area,yes,yes,yes,yes,no,wrong_chart_type,5,
vinl2vis_02656,primary_vlm_flagged,vlm_audit_english_explicit_auditfix_v2_n1000_qwen3vl4b_promptv4,wb_asean_pm25_exposure,explicit,en,tick_plot,Create a tick plot for asean pm2.5 air pollution exposure in 2020.,/Users/nguyenthevinh/Library/CloudStorage/GoogleDrive-vinhnt@tnu.edu.vn/My Drive/NL2Vis_GenAI_Research_2025_2026/benchmark/faithbench/results/vlm_audit_english_explicit_auditfix_v2_n1000_qwen3vl4b_promptv4/images/vinl2vis_02656.png,wrong_chart_type,"{""acceptable"": false, ""visible_chart_family"": ""area"", ""major_issue"": ""wrong_chart_type"", ""conservative_issue"": ""wrong_chart_type""}",,area,yes,yes,no,yes,yes,none,5,
vinl2vis_03712,primary_vlm_flagged,vlm_audit_matched_bilingual_auditfix_v2_n1000_qwen3vl4b_promptv4,owid_co2_per_capita_vietnam,explicit,vi,bar,So sánh phát thải co2 bình quân đầu người của việt nam giữa các nước trong năm 2024.,/Users/nguyenthevinh/Library/CloudStorage/GoogleDrive-vinhnt@tnu.edu.vn/My Drive/NL2Vis_GenAI_Research_2025_2026/benchmark/faithbench/results/vlm_audit_matched_bilingual_auditfix_v2_n1000_qwen3vl4b_promptv4/images/vinl2vis_03712.png,wrong_chart_type,"{""acceptable"": false, ""visible_chart_family"": ""area"", ""major_issue"": ""wrong_chart_type"", ""conservative_issue"": ""wrong_chart_type""}",,area,yes,yes,no,yes,yes,none,5,
vinl2vis_04056,primary_vlm_flagged,vlm_audit_english_explicit_auditfix_v2_n1000_qwen3vl4b_promptv4,derived_health_profile,explicit,en,tick_plot,Create a tick plot for Tuổi thọ kỳ vọng in 2023.,/Users/nguyenthevinh/Library/CloudStorage/GoogleDrive-vinhnt@tnu.edu.vn/My Drive/NL2Vis_GenAI_Research_2025_2026/benchmark/faithbench/results/vlm_audit_english_explicit_auditfix_v2_n1000_qwen3vl4b_promptv4/images/vinl2vis_04056.png,wrong_chart_type,"{""acceptable"": false, ""visible_chart_family"": ""line"", ""major_issue"": ""wrong_chart_type"", ""conservative_issue"": ""wrong_chart_type""}",,line,yes,yes,no,yes,no,missing_legend,5,
vinl2vis_04144,primary_vlm_flagged,vlm_audit_matched_bilingual_auditfix_v2_n1000_qwen3vl4b_promptv4,derived_labor_technology_profile,explicit,en,heatmap,Create a heatmap of Tỷ lệ thất nghiệp by country and year.,/Users/nguyenthevinh/Library/CloudStorage/GoogleDrive-vinhnt@tnu.edu.vn/My Drive/NL2Vis_GenAI_Research_2025_2026/benchmark/faithbench/results/vlm_audit_matched_bilingual_auditfix_v2_n1000_qwen3vl4b_promptv4/images/vinl2vis_04144.png,wrong_chart_type,"{""acceptable"": false, ""visible_chart_family"": ""area"", ""major_issue"": ""wrong_chart_type"", ""conservative_issue"": ""wrong_chart_type""}",,area,yes,yes,yes,yes,no,wrong_chart_type,5,
vinl2vis_00766,primary_vlm_flagged,vlm_audit_english_explicit_auditfix_v2_n1000_qwen3vl4b_promptv4,wb_asean_exports_share_gdp,explicit,en,tick_plot,Create a tick plot for asean exports share of gdp in 2024.,/Users/nguyenthevinh/Library/CloudStorage/GoogleDrive-vinhnt@tnu.edu.vn/My Drive/NL2Vis_GenAI_Research_2025_2026/benchmark/faithbench/results/vlm_audit_english_explicit_auditfix_v2_n1000_qwen3vl4b_promptv4/images/vinl2vis_00766.png,wrong_chart_type,"{""acceptable"": false, ""visible_chart_family"": ""area"", ""major_issue"": ""wrong_chart_type"", ""conservative_issue"": ""wrong_chart_type""}",,area,yes,yes,yes,yes,no,missing_legend,4,
vinl2vis_24504,primary_vlm_flagged,vlm_audit_vietnamese_balanced_auditfix_v2_n1000_qwen3vl4b_promptv4,wbexp_asean_bx_trf_pwkr_cd_dt_personal_remittances_received_current_us,underspecified,vi,bar,"Xếp hạng các nước theo chỉ số personal remittances, received (current us$).",/Users/nguyenthevinh/Library/CloudStorage/GoogleDrive-vinhnt@tnu.edu.vn/My Drive/NL2Vis_GenAI_Research_2025_2026/benchmark/faithbench/results/vlm_audit_vietnamese_balanced_auditfix_v2_n1000_qwen3vl4b_promptv4/images/vinl2vis_24504.png,wrong_chart_type,"{""acceptable"": false, ""visible_chart_family"": ""area"", ""major_issue"": ""wrong_chart_type"", ""conservative_issue"": ""wrong_chart_type""}",,area,yes,yes,yes,yes,yes,none,4,
vinl2vis_22704,primary_vlm_flagged,vlm_audit_vietnamese_balanced_auditfix_v2_n1000_qwen3vl4b_promptv4,wbexp_asean_bm_gsr_cmcp_zs_communications_computer_etc_of_service_imports_bop,underspecified,vi,bar,"Xếp hạng các nước theo chỉ số communications, computer, etc. (% of service imports, bop).",/Users/nguyenthevinh/Library/CloudStorage/GoogleDrive-vinhnt@tnu.edu.vn/My Drive/NL2Vis_GenAI_Research_2025_2026/benchmark/faithbench/results/vlm_audit_vietnamese_balanced_auditfix_v2_n1000_qwen3vl4b_promptv4/images/vinl2vis_22704.png,wrong_chart_type,"{""acceptable"": false, ""visible_chart_family"": ""area"", ""major_issue"": ""wrong_chart_type"", ""conservative_issue"": ""wrong_chart_type""}",,area,yes,no,yes,yes,yes,none,4,
vinl2vis_01764,primary_vlm_flagged,vlm_audit_english_explicit_auditfix_v2_n1000_qwen3vl4b_promptv4,wb_asean_education_expenditure_share_gdp,explicit,en,bar,Rank countries by asean education expenditure share of gdp in the latest year.,/Users/nguyenthevinh/Library/CloudStorage/GoogleDrive-vinhnt@tnu.edu.vn/My Drive/NL2Vis_GenAI_Research_2025_2026/benchmark/faithbench/results/vlm_audit_english_explicit_auditfix_v2_n1000_qwen3vl4b_promptv4/images/vinl2vis_01764.png,wrong_chart_type,"{""acceptable"": false, ""visible_chart_family"": ""area"", ""major_issue"": ""wrong_chart_type"", ""conservative_issue"": ""wrong_chart_type""}",,area,yes,yes,yes,yes,no,wrong_chart_type,5,
vinl2vis_01762,primary_vlm_flagged,vlm_audit_matched_bilingual_auditfix_v2_n1000_qwen3vl4b_promptv4,wb_asean_education_expenditure_share_gdp,explicit,en,bar,Compare countries by asean education expenditure share of gdp in 2025.,/Users/nguyenthevinh/Library/CloudStorage/GoogleDrive-vinhnt@tnu.edu.vn/My Drive/NL2Vis_GenAI_Research_2025_2026/benchmark/faithbench/results/vlm_audit_matched_bilingual_auditfix_v2_n1000_qwen3vl4b_promptv4/images/vinl2vis_01762.png,wrong_chart_type,"{""acceptable"": false, ""visible_chart_family"": ""area"", ""major_issue"": ""wrong_chart_type"", ""conservative_issue"": ""wrong_chart_type""}",,bar,no,yes,yes,yes,no,wrong_chart_type,5,
vinl2vis_23904,primary_vlm_flagged,vlm_audit_vietnamese_balanced_auditfix_v2_n1000_qwen3vl4b_promptv4,wbexp_asean_bx_gsr_cmcp_zs_communications_computer_etc_of_service_exports_bop,underspecified,vi,bar,"Xếp hạng các nước theo chỉ số communications, computer, etc. (% of service exports, bop).",/Users/nguyenthevinh/Library/CloudStorage/GoogleDrive-vinhnt@tnu.edu.vn/My Drive/NL2Vis_GenAI_Research_2025_2026/benchmark/faithbench/results/vlm_audit_vietnamese_balanced_auditfix_v2_n1000_qwen3vl4b_promptv4/images/vinl2vis_23904.png,wrong_chart_type,"{""acceptable"": false, ""visible_chart_family"": ""area"", ""major_issue"": ""wrong_chart_type"", ""conservative_issue"": ""wrong_chart_type""}",,area,yes,no,yes,yes,yes,none,5,
vinl2vis_22824,primary_vlm_flagged,vlm_audit_vietnamese_balanced_auditfix_v2_n1000_qwen3vl4b_promptv4,wbexp_asean_bm_gsr_insf_zs_insurance_and_financial_services_of_service_imports_bop,underspecified,vi,bar,"Xếp hạng các nước theo chỉ số insurance and financial services (% of service imports, bop).",/Users/nguyenthevinh/Library/CloudStorage/GoogleDrive-vinhnt@tnu.edu.vn/My Drive/NL2Vis_GenAI_Research_2025_2026/benchmark/faithbench/results/vlm_audit_vietnamese_balanced_auditfix_v2_n1000_qwen3vl4b_promptv4/images/vinl2vis_22824.png,wrong_chart_type,"{""acceptable"": false, ""visible_chart_family"": ""area"", ""major_issue"": ""wrong_chart_type"", ""conservative_issue"": ""wrong_chart_type""}",,area,yes,yes,yes,no,yes,none,5,
vinl2vis_01466,primary_vlm_flagged,vlm_audit_english_explicit_auditfix_v2_n1000_qwen3vl4b_promptv4,wb_asean_health_expenditure_share_gdp,explicit,en,tick_plot,Create a tick plot for asean health expenditure share of gdp in 2023.,/Users/nguyenthevinh/Library/CloudStorage/GoogleDrive-vinhnt@tnu.edu.vn/My Drive/NL2Vis_GenAI_Research_2025_2026/benchmark/faithbench/results/vlm_audit_english_explicit_auditfix_v2_n1000_qwen3vl4b_promptv4/images/vinl2vis_01466.png,wrong_chart_type,"{""acceptable"": false, ""visible_chart_family"": ""boxplot"", ""major_issue"": ""wrong_chart_type"", ""conservative_issue"": ""wrong_chart_type""}",,boxplot,yes,no,yes,yes,no,data_mismatch,5,
vinl2vis_23944,primary_vlm_flagged,vlm_audit_vietnamese_balanced_auditfix_v2_n1000_qwen3vl4b_promptv4,wbexp_asean_bx_gsr_fcty_cd_primary_income_receipts_bop_current_us,underspecified,vi,bar,"Xếp hạng các nước theo chỉ số primary income receipts (bop, current us$).",/Users/nguyenthevinh/Library/CloudStorage/GoogleDrive-vinhnt@tnu.edu.vn/My Drive/NL2Vis_GenAI_Research_2025_2026/benchmark/faithbench/results/vlm_audit_vietnamese_balanced_auditfix_v2_n1000_qwen3vl4b_promptv4/images/vinl2vis_23944.png,wrong_chart_type,"{""acceptable"": false, ""visible_chart_family"": ""area"", ""major_issue"": ""wrong_chart_type"", ""conservative_issue"": ""wrong_chart_type""}",,area,yes,yes,yes,no,no,wrong_chart_type,5,
vinl2vis_23104,primary_vlm_flagged,vlm_audit_vietnamese_balanced_auditfix_v2_n1000_qwen3vl4b_promptv4,wbexp_asean_bm_klt_dinv_cd_wd_foreign_direct_investment_net_outflows_bop_current_u,underspecified,vi,bar,"Xếp hạng các nước theo chỉ số foreign direct investment, net outflows (bop, current us$).",/Users/nguyenthevinh/Library/CloudStorage/GoogleDrive-vinhnt@tnu.edu.vn/My Drive/NL2Vis_GenAI_Research_2025_2026/benchmark/faithbench/results/vlm_audit_vietnamese_balanced_auditfix_v2_n1000_qwen3vl4b_promptv4/images/vinl2vis_23104.png,wrong_chart_type,"{""acceptable"": false, ""visible_chart_family"": ""area"", ""major_issue"": ""wrong_chart_type"", ""conservative_issue"": ""wrong_chart_type""}",,area,yes,yes,no,yes,no,data_mismatch,5,
vinl2vis_03076,primary_vlm_flagged,vlm_audit_english_explicit_auditfix_v2_n1000_qwen3vl4b_promptv4,wb_asean_measles_immunization,explicit,en,tick_plot,Create a tick plot for asean measles immunization in 2024.,/Users/nguyenthevinh/Library/CloudStorage/GoogleDrive-vinhnt@tnu.edu.vn/My Drive/NL2Vis_GenAI_Research_2025_2026/benchmark/faithbench/results/vlm_audit_english_explicit_auditfix_v2_n1000_qwen3vl4b_promptv4/images/vinl2vis_03076.png,wrong_chart_type,"{""acceptable"": false, ""visible_chart_family"": ""area"", ""major_issue"": ""wrong_chart_type"", ""conservative_issue"": ""wrong_chart_type""}",,area,yes,no,no,yes,no,missing_legend,5,
vinl2vis_24104,primary_vlm_flagged,vlm_audit_vietnamese_balanced_auditfix_v2_n1000_qwen3vl4b_promptv4,wbexp_asean_bx_gsr_nfsv_cd_service_exports_bop_current_us,underspecified,vi,bar,"Xếp hạng các nước theo chỉ số service exports (bop, current us$).",/Users/nguyenthevinh/Library/CloudStorage/GoogleDrive-vinhnt@tnu.edu.vn/My Drive/NL2Vis_GenAI_Research_2025_2026/benchmark/faithbench/results/vlm_audit_vietnamese_balanced_auditfix_v2_n1000_qwen3vl4b_promptv4/images/vinl2vis_24104.png,wrong_chart_type,"{""acceptable"": false, ""visible_chart_family"": ""area"", ""major_issue"": ""wrong_chart_type"", ""conservative_issue"": ""wrong_chart_type""}",,area,yes,yes,no,yes,no,data_mismatch,5,
vinl2vis_03426,primary_vlm_flagged,vlm_audit_english_explicit_auditfix_v2_n1000_qwen3vl4b_promptv4,wb_asean_domestic_credit_private_sector,explicit,en,tick_plot,Create a tick plot for asean domestic credit to private sector in 2024.,/Users/nguyenthevinh/Library/CloudStorage/GoogleDrive-vinhnt@tnu.edu.vn/My Drive/NL2Vis_GenAI_Research_2025_2026/benchmark/faithbench/results/vlm_audit_english_explicit_auditfix_v2_n1000_qwen3vl4b_promptv4/images/vinl2vis_03426.png,wrong_chart_type,"{""acceptable"": false, ""visible_chart_family"": ""area"", ""major_issue"": ""wrong_chart_type"", ""conservative_issue"": ""wrong_chart_type""}",,area,yes,yes,yes,yes,no,missing_legend,5,
vinl2vis_03644,primary_vlm_flagged,vlm_audit_matched_bilingual_auditfix_v2_n1000_qwen3vl4b_promptv4,owid_life_expectancy_vietnam,explicit,vi,bar,Xếp hạng các nước theo tuổi thọ kỳ vọng của việt nam trong năm 2023.,/Users/nguyenthevinh/Library/CloudStorage/GoogleDrive-vinhnt@tnu.edu.vn/My Drive/NL2Vis_GenAI_Research_2025_2026/benchmark/faithbench/results/vlm_audit_matched_bilingual_auditfix_v2_n1000_qwen3vl4b_promptv4/images/vinl2vis_03644.png,wrong_chart_type,"{""acceptable"": false, ""visible_chart_family"": ""area"", ""major_issue"": ""wrong_chart_type"", ""conservative_issue"": ""wrong_chart_type""}",,area,yes,yes,yes,yes,no,data_mismatch,5,
vinl2vis_05144,primary_vlm_flagged,vlm_audit_vietnamese_balanced_auditfix_v2_n1000_qwen3vl4b_promptv4,wbexp_asean_ag_lnd_frst_k2_forest_area_sq_km,underspecified,vi,bar,Xếp hạng các nước theo chỉ số forest area (sq. km).,/Users/nguyenthevinh/Library/CloudStorage/GoogleDrive-vinhnt@tnu.edu.vn/My Drive/NL2Vis_GenAI_Research_2025_2026/benchmark/faithbench/results/vlm_audit_vietnamese_balanced_auditfix_v2_n1000_qwen3vl4b_promptv4/images/vinl2vis_05144.png,wrong_fields,"{""acceptable"": false, ""visible_chart_family"": ""bar"", ""major_issue"": ""wrong_fields"", ""conservative_issue"": ""wrong_fields""}",,bar,yes,yes,yes,yes,no,wrong_chart_type,4,
vinl2vis_03216,primary_vlm_flagged,vlm_audit_english_explicit_auditfix_v2_n1000_qwen3vl4b_promptv4,wb_asean_fixed_broadband_subscriptions,explicit,en,tick_plot,Create a tick plot for asean fixed broadband subscriptions in 2024.,/Users/nguyenthevinh/Library/CloudStorage/GoogleDrive-vinhnt@tnu.edu.vn/My Drive/NL2Vis_GenAI_Research_2025_2026/benchmark/faithbench/results/vlm_audit_english_explicit_auditfix_v2_n1000_qwen3vl4b_promptv4/images/vinl2vis_03216.png,wrong_chart_type,"{""acceptable"": false, ""visible_chart_family"": ""boxplot"", ""major_issue"": ""wrong_chart_type"", ""conservative_issue"": ""wrong_chart_type""}",,boxplot,yes,yes,yes,no,no,data_mismatch,4,
vinl2vis_29064,primary_vlm_flagged,vlm_audit_vietnamese_balanced_auditfix_v2_n1000_qwen3vl4b_promptv4,wbexp_asean_eg_elc_rnwx_kh_electricity_production_from_renewable_sources_excluding,underspecified,vi,bar,"Xếp hạng các nước theo chỉ số electricity production from renewable sources, excluding hydroelectric (kwh).",/Users/nguyenthevinh/Library/CloudStorage/GoogleDrive-vinhnt@tnu.edu.vn/My Drive/NL2Vis_GenAI_Research_2025_2026/benchmark/faithbench/results/vlm_audit_vietnamese_balanced_auditfix_v2_n1000_qwen3vl4b_promptv4/images/vinl2vis_29064.png,wrong_chart_type,"{""acceptable"": false, ""visible_chart_family"": ""area"", ""major_issue"": ""wrong_chart_type"", ""conservative_issue"": ""wrong_chart_type""}",,pie,no,yes,yes,yes,yes,none,5,
vinl2vis_03006,primary_vlm_flagged,vlm_audit_english_explicit_auditfix_v2_n1000_qwen3vl4b_promptv4,wb_asean_basic_sanitation,explicit,en,tick_plot,Create a tick plot for asean basic sanitation services in 2024.,/Users/nguyenthevinh/Library/CloudStorage/GoogleDrive-vinhnt@tnu.edu.vn/My Drive/NL2Vis_GenAI_Research_2025_2026/benchmark/faithbench/results/vlm_audit_english_explicit_auditfix_v2_n1000_qwen3vl4b_promptv4/images/vinl2vis_03006.png,wrong_chart_type,"{""acceptable"": false, ""visible_chart_family"": ""area"", ""major_issue"": ""wrong_chart_type"", ""conservative_issue"": ""wrong_chart_type""}",,area,yes,no,yes,yes,yes,none,5,
vinl2vis_03724,primary_vlm_flagged,vlm_audit_english_explicit_auditfix_v2_n1000_qwen3vl4b_promptv4,owid_co2_per_capita_vietnam,explicit,en,bar,Rank countries by vietnam co2 emissions per capita in the latest year.,/Users/nguyenthevinh/Library/CloudStorage/GoogleDrive-vinhnt@tnu.edu.vn/My Drive/NL2Vis_GenAI_Research_2025_2026/benchmark/faithbench/results/vlm_audit_english_explicit_auditfix_v2_n1000_qwen3vl4b_promptv4/images/vinl2vis_03724.png,wrong_chart_type,"{""acceptable"": false, ""visible_chart_family"": ""area"", ""major_issue"": ""wrong_chart_type"", ""conservative_issue"": ""wrong_chart_type""}",,area,yes,no,yes,yes,yes,none,5,
vinl2vis_28384,primary_vlm_flagged,vlm_audit_vietnamese_balanced_auditfix_v2_n1000_qwen3vl4b_promptv4,wbexp_asean_ef_efm_rank_xd_economic_fitness_ranking_1_high_149_low,underspecified,vi,bar,"Xếp hạng các nước theo chỉ số economic fitness ranking (1 = high, 149 = low).",/Users/nguyenthevinh/Library/CloudStorage/GoogleDrive-vinhnt@tnu.edu.vn/My Drive/NL2Vis_GenAI_Research_2025_2026/benchmark/faithbench/results/vlm_audit_vietnamese_balanced_auditfix_v2_n1000_qwen3vl4b_promptv4/images/vinl2vis_28384.png,wrong_chart_type,"{""acceptable"": false, ""visible_chart_family"": ""area"", ""major_issue"": ""wrong_chart_type"", ""conservative_issue"": ""wrong_chart_type""}",,area,yes,yes,yes,yes,no,missing_legend,5,
vinl2vis_03986,primary_vlm_flagged,vlm_audit_english_explicit_auditfix_v2_n1000_qwen3vl4b_promptv4,derived_population_profile,explicit,en,tick_plot,Create a tick plot for Dân số in 2024.,/Users/nguyenthevinh/Library/CloudStorage/GoogleDrive-vinhnt@tnu.edu.vn/My Drive/NL2Vis_GenAI_Research_2025_2026/benchmark/faithbench/results/vlm_audit_english_explicit_auditfix_v2_n1000_qwen3vl4b_promptv4/images/vinl2vis_03986.png,wrong_chart_type,"{""acceptable"": false, ""visible_chart_family"": ""bar"", ""major_issue"": ""wrong_chart_type"", ""conservative_issue"": ""wrong_chart_type""}",,bar,yes,yes,yes,yes,no,missing_legend,5,
vinl2vis_03146,primary_vlm_flagged,vlm_audit_english_explicit_auditfix_v2_n1000_qwen3vl4b_promptv4,wb_asean_hospital_beds,explicit,en,tick_plot,Create a tick plot for asean hospital beds in 2023.,/Users/nguyenthevinh/Library/CloudStorage/GoogleDrive-vinhnt@tnu.edu.vn/My Drive/NL2Vis_GenAI_Research_2025_2026/benchmark/faithbench/results/vlm_audit_english_explicit_auditfix_v2_n1000_qwen3vl4b_promptv4/images/vinl2vis_03146.png,wrong_chart_type,"{""acceptable"": false, ""visible_chart_family"": ""line"", ""major_issue"": ""wrong_chart_type"", ""conservative_issue"": ""wrong_chart_type""}",,bar,no,yes,no,yes,no,data_mismatch,5,
vinl2vis_27264,primary_vlm_flagged,vlm_audit_vietnamese_balanced_auditfix_v2_n1000_qwen3vl4b_promptv4,wbexp_asean_dt_nfl_uncf_cd_net_official_flows_from_un_agencies_unicef_current_us,underspecified,vi,bar,"Xếp hạng các nước theo chỉ số net official flows from un agencies, unicef (current us$).",/Users/nguyenthevinh/Library/CloudStorage/GoogleDrive-vinhnt@tnu.edu.vn/My Drive/NL2Vis_GenAI_Research_2025_2026/benchmark/faithbench/results/vlm_audit_vietnamese_balanced_auditfix_v2_n1000_qwen3vl4b_promptv4/images/vinl2vis_27264.png,wrong_chart_type,"{""acceptable"": false, ""visible_chart_family"": ""area"", ""major_issue"": ""wrong_chart_type"", ""conservative_issue"": ""wrong_chart_type""}",,line,no,yes,no,yes,yes,none,4,
vinl2vis_02586,primary_vlm_flagged,vlm_audit_english_explicit_auditfix_v2_n1000_qwen3vl4b_promptv4,wb_asean_freshwater_withdrawal_share,explicit,en,tick_plot,Create a tick plot for asean freshwater withdrawal share in 2022.,/Users/nguyenthevinh/Library/CloudStorage/GoogleDrive-vinhnt@tnu.edu.vn/My Drive/NL2Vis_GenAI_Research_2025_2026/benchmark/faithbench/results/vlm_audit_english_explicit_auditfix_v2_n1000_qwen3vl4b_promptv4/images/vinl2vis_02586.png,wrong_chart_type,"{""acceptable"": false, ""visible_chart_family"": ""boxplot"", ""major_issue"": ""wrong_chart_type"", ""conservative_issue"": ""wrong_chart_type""}",,boxplot,yes,no,yes,yes,yes,none,5,
vinl2vis_02936,primary_vlm_flagged,vlm_audit_english_explicit_auditfix_v2_n1000_qwen3vl4b_promptv4,wb_asean_basic_drinking_water,explicit,en,tick_plot,Create a tick plot for asean basic drinking water services in 2024.,/Users/nguyenthevinh/Library/CloudStorage/GoogleDrive-vinhnt@tnu.edu.vn/My Drive/NL2Vis_GenAI_Research_2025_2026/benchmark/faithbench/results/vlm_audit_english_explicit_auditfix_v2_n1000_qwen3vl4b_promptv4/images/vinl2vis_02936.png,wrong_chart_type,"{""acceptable"": false, ""visible_chart_family"": ""area"", ""major_issue"": ""wrong_chart_type"", ""conservative_issue"": ""wrong_chart_type""}",,area,yes,no,yes,yes,no,wrong_chart_type,4,
vinl2vis_23544,primary_vlm_flagged,vlm_audit_vietnamese_balanced_auditfix_v2_n1000_qwen3vl4b_promptv4,wbexp_asean_bn_klt_dinv_cd_foreign_direct_investment_net_bop_current_us,underspecified,vi,bar,"Xếp hạng các nước theo chỉ số foreign direct investment, net (bop, current us$).",/Users/nguyenthevinh/Library/CloudStorage/GoogleDrive-vinhnt@tnu.edu.vn/My Drive/NL2Vis_GenAI_Research_2025_2026/benchmark/faithbench/results/vlm_audit_vietnamese_balanced_auditfix_v2_n1000_qwen3vl4b_promptv4/images/vinl2vis_23544.png,wrong_chart_type,"{""acceptable"": false, ""visible_chart_family"": ""area"", ""major_issue"": ""wrong_chart_type"", ""conservative_issue"": ""wrong_chart_type""}",,area,yes,no,yes,yes,yes,none,4,
vinl2vis_00626,primary_vlm_flagged,vlm_audit_english_explicit_auditfix_v2_n1000_qwen3vl4b_promptv4,wb_asean_gdp_growth,explicit,en,tick_plot,Create a tick plot for asean gdp growth in 2024.,/Users/nguyenthevinh/Library/CloudStorage/GoogleDrive-vinhnt@tnu.edu.vn/My Drive/NL2Vis_GenAI_Research_2025_2026/benchmark/faithbench/results/vlm_audit_english_explicit_auditfix_v2_n1000_qwen3vl4b_promptv4/images/vinl2vis_00626.png,wrong_chart_type,"{""acceptable"": false, ""visible_chart_family"": ""boxplot"", ""major_issue"": ""wrong_chart_type"", ""conservative_issue"": ""wrong_chart_type""}",,boxplot,yes,yes,yes,yes,no,unreadable_labels,4,
vinl2vis_02866,primary_vlm_flagged,vlm_audit_english_explicit_auditfix_v2_n1000_qwen3vl4b_promptv4,wb_asean_container_port_traffic,explicit,en,tick_plot,Create a tick plot for asean container port traffic in 2022.,/Users/nguyenthevinh/Library/CloudStorage/GoogleDrive-vinhnt@tnu.edu.vn/My Drive/NL2Vis_GenAI_Research_2025_2026/benchmark/faithbench/results/vlm_audit_english_explicit_auditfix_v2_n1000_qwen3vl4b_promptv4/images/vinl2vis_02866.png,wrong_chart_type,"{""acceptable"": false, ""visible_chart_family"": ""line"", ""major_issue"": ""wrong_chart_type"", ""conservative_issue"": ""wrong_chart_type""}",,line,yes,yes,yes,yes,no,missing_legend,5,
vinl2vis_01834,primary_vlm_flagged,vlm_audit_matched_bilingual_auditfix_v2_n1000_qwen3vl4b_promptv4,wb_asean_literacy_rate_adult,explicit,en,bar,Rank countries by asean adult literacy rate in the latest year.,/Users/nguyenthevinh/Library/CloudStorage/GoogleDrive-vinhnt@tnu.edu.vn/My Drive/NL2Vis_GenAI_Research_2025_2026/benchmark/faithbench/results/vlm_audit_matched_bilingual_auditfix_v2_n1000_qwen3vl4b_promptv4/images/vinl2vis_01834.png,wrong_chart_type,"{""acceptable"": false, ""visible_chart_family"": ""area"", ""major_issue"": ""wrong_chart_type"", ""conservative_issue"": ""wrong_chart_type""}",,bar,no,yes,yes,yes,no,wrong_chart_type,5,
vinl2vis_03652,primary_vlm_flagged,vlm_audit_english_explicit_auditfix_v2_n1000_qwen3vl4b_promptv4,owid_life_expectancy_vietnam,explicit,en,bar,Compare countries by vietnam life expectancy in 2023.,/Users/nguyenthevinh/Library/CloudStorage/GoogleDrive-vinhnt@tnu.edu.vn/My Drive/NL2Vis_GenAI_Research_2025_2026/benchmark/faithbench/results/vlm_audit_english_explicit_auditfix_v2_n1000_qwen3vl4b_promptv4/images/vinl2vis_03652.png,wrong_chart_type,"{""acceptable"": false, ""visible_chart_family"": ""area"", ""major_issue"": ""wrong_chart_type"", ""conservative_issue"": ""wrong_chart_type""}",,area,yes,yes,yes,yes,no,wrong_chart_type,5,
vinl2vis_28064,primary_vlm_flagged,vlm_audit_vietnamese_balanced_auditfix_v2_n1000_qwen3vl4b_promptv4,wbexp_asean_dt_tds_dppf_xp_zs_debt_service_ppg_and_imf_only_of_exports_of_goods_se,underspecified,vi,bar,"Xếp hạng các nước theo chỉ số debt service (ppg and imf only, % of exports of goods, services and primary income).",/Users/nguyenthevinh/Library/CloudStorage/GoogleDrive-vinhnt@tnu.edu.vn/My Drive/NL2Vis_GenAI_Research_2025_2026/benchmark/faithbench/results/vlm_audit_vietnamese_balanced_auditfix_v2_n1000_qwen3vl4b_promptv4/images/vinl2vis_28064.png,wrong_chart_type,"{""acceptable"": false, ""visible_chart_family"": ""area"", ""major_issue"": ""wrong_chart_type"", ""conservative_issue"": ""wrong_chart_type""}",,area,yes,yes,yes,yes,no,wrong_chart_type,5,
vinl2vis_05344,primary_vlm_flagged,vlm_audit_vietnamese_balanced_auditfix_v2_n1000_qwen3vl4b_promptv4,wbexp_asean_ag_prd_crop_xd_crop_production_index_2014_2016_100,underspecified,vi,bar,Xếp hạng các nước theo chỉ số crop production index (2014-2016 = 100).,/Users/nguyenthevinh/Library/CloudStorage/GoogleDrive-vinhnt@tnu.edu.vn/My Drive/NL2Vis_GenAI_Research_2025_2026/benchmark/faithbench/results/vlm_audit_vietnamese_balanced_auditfix_v2_n1000_qwen3vl4b_promptv4/images/vinl2vis_05344.png,wrong_chart_type,"{""acceptable"": false, ""visible_chart_family"": ""area"", ""major_issue"": ""wrong_chart_type"", ""conservative_issue"": ""wrong_chart_type""}",,area,yes,yes,yes,yes,no,data_mismatch,5,
vinl2vis_00346,primary_vlm_flagged,vlm_audit_english_explicit_auditfix_v2_n1000_qwen3vl4b_promptv4,wb_asean_fertility_rate,explicit,en,tick_plot,Create a tick plot for asean fertility rate in 2024.,/Users/nguyenthevinh/Library/CloudStorage/GoogleDrive-vinhnt@tnu.edu.vn/My Drive/NL2Vis_GenAI_Research_2025_2026/benchmark/faithbench/results/vlm_audit_english_explicit_auditfix_v2_n1000_qwen3vl4b_promptv4/images/vinl2vis_00346.png,wrong_chart_type,"{""acceptable"": false, ""visible_chart_family"": ""boxplot"", ""major_issue"": ""wrong_chart_type"", ""conservative_issue"": ""wrong_chart_type""}",,boxplot,yes,yes,yes,yes,no,wrong_chart_type,5,
vinl2vis_22584,primary_vlm_flagged,vlm_audit_vietnamese_balanced_auditfix_v2_n1000_qwen3vl4b_promptv4,wbexp_asean_bg_gsr_nfsv_gd_zs_trade_in_services_of_gdp,underspecified,vi,bar,Xếp hạng các nước theo chỉ số trade in services (% of gdp).,/Users/nguyenthevinh/Library/CloudStorage/GoogleDrive-vinhnt@tnu.edu.vn/My Drive/NL2Vis_GenAI_Research_2025_2026/benchmark/faithbench/results/vlm_audit_vietnamese_balanced_auditfix_v2_n1000_qwen3vl4b_promptv4/images/vinl2vis_22584.png,wrong_chart_type,"{""acceptable"": false, ""visible_chart_family"": ""area"", ""major_issue"": ""wrong_chart_type"", ""conservative_issue"": ""wrong_chart_type""}",,line,no,no,yes,yes,no,data_mismatch,4,
vinl2vis_00556,primary_vlm_flagged,vlm_audit_english_explicit_auditfix_v2_n1000_qwen3vl4b_promptv4,wb_asean_gdp_per_capita,explicit,en,tick_plot,Create a tick plot for asean gdp per capita in 2024.,/Users/nguyenthevinh/Library/CloudStorage/GoogleDrive-vinhnt@tnu.edu.vn/My Drive/NL2Vis_GenAI_Research_2025_2026/benchmark/faithbench/results/vlm_audit_english_explicit_auditfix_v2_n1000_qwen3vl4b_promptv4/images/vinl2vis_00556.png,wrong_chart_type,"{""acceptable"": false, ""visible_chart_family"": ""boxplot"", ""major_issue"": ""wrong_chart_type"", ""conservative_issue"": ""wrong_chart_type""}",,boxplot,yes,yes,yes,yes,no,data_mismatch,4,
vinl2vis_29151,cross_judge_disagreement,vlm_consensus_failure_cases.csv,,multi_turn,vi,bar,"Hãy so sánh các nước.
Dùng năm mới nhất.",,wrong_chart_type,"{""acceptable"": """", ""visible_chart_family"": """", ""major_issue"": """", ""conservative_issue"": """"}",wrong_chart_type,,yes,yes,yes,no,yes,none,5,
vinl2vis_28950,cross_judge_disagreement,vlm_consensus_failure_cases.csv,,multi_turn,vi,line,"Tôi muốn xem xu hướng.
Dùng dữ liệu này và tách theo quốc gia.",,empty_or_broken;unreadable,"{""acceptable"": """", ""visible_chart_family"": """", ""major_issue"": """", ""conservative_issue"": """"}",empty_or_broken;unreadable,,yes,yes,no,yes,no,unreadable_labels,4,
vinl2vis_25921,cross_judge_disagreement,vlm_consensus_failure_cases.csv,,ambiguous,vi,line,Tạo biểu đồ phù hợp cho chỉ số external debt stocks (% of gni) mẫu 20.,,empty_or_broken;wrong_fields,"{""acceptable"": """", ""visible_chart_family"": """", ""major_issue"": """", ""conservative_issue"": """"}",empty_or_broken;wrong_fields,,yes,yes,yes,yes,no,missing_legend,4,
vinl2vis_29351,cross_judge_disagreement,vlm_consensus_failure_cases.csv,,multi_turn,vi,bar,"Hãy so sánh các nước.
Dùng năm mới nhất.",,wrong_fields,"{""acceptable"": """", ""visible_chart_family"": """", ""major_issue"": """", ""conservative_issue"": """"}",wrong_fields,,yes,no,yes,yes,no,data_mismatch,5,
vinl2vis_26591,cross_judge_disagreement,vlm_consensus_failure_cases.csv,,multi_turn,vi,bar,"Hãy so sánh các nước.
Dùng năm mới nhất.",,wrong_chart_type,"{""acceptable"": """", ""visible_chart_family"": """", ""major_issue"": """", ""conservative_issue"": """"}",wrong_chart_type,,yes,yes,yes,yes,no,data_mismatch,5,
vinl2vis_24921,cross_judge_disagreement,vlm_consensus_failure_cases.csv,,ambiguous,vi,line,"Tạo biểu đồ phù hợp cho chỉ số net bilateral aid flows from dac donors, austria (current us$) mẫu 20.",,wrong_chart_type;wrong_fields,"{""acceptable"": """", ""visible_chart_family"": """", ""major_issue"": """", ""conservative_issue"": """"}",wrong_chart_type;wrong_fields,,yes,yes,yes,yes,yes,none,5,
vinl2vis_31704,cross_judge_disagreement,vlm_consensus_failure_cases.csv,,underspecified,vi,bar,Xếp hạng các nước theo chỉ số nitrous oxide (n2o) emissions (total) excluding lulucf (% change from 1990).,,wrong_chart_type,"{""acceptable"": """", ""visible_chart_family"": """", ""major_issue"": """", ""conservative_issue"": """"}",wrong_chart_type,,yes,yes,no,yes,no,data_mismatch,4,
vinl2vis_28591,cross_judge_disagreement,vlm_consensus_failure_cases.csv,,multi_turn,vi,bar,"Hãy so sánh các nước.
Dùng năm mới nhất.",,wrong_chart_type,"{""acceptable"": """", ""visible_chart_family"": """", ""major_issue"": """", ""conservative_issue"": """"}",wrong_chart_type,line,no,yes,yes,yes,yes,none,4,
vinl2vis_25001,cross_judge_disagreement,vlm_consensus_failure_cases.csv,,ambiguous,vi,line,"Tạo biểu đồ phù hợp cho chỉ số net bilateral aid flows from dac donors, canada (current us$) mẫu 20.",,wrong_chart_type;wrong_fields,"{""acceptable"": """", ""visible_chart_family"": """", ""major_issue"": """", ""conservative_issue"": """"}",wrong_chart_type;wrong_fields,bar,no,no,no,yes,no,unreadable_labels,4,
vinl2vis_32864,cross_judge_disagreement,vlm_consensus_failure_cases.csv,,underspecified,vi,bar,Xếp hạng các nước theo chỉ số level of water stress: freshwater withdrawal as a proportion of available freshwater resources.,,wrong_chart_type,"{""acceptable"": """", ""visible_chart_family"": """", ""major_issue"": """", ""conservative_issue"": """"}",wrong_chart_type,line,no,yes,yes,no,yes,none,5,
vinl2vis_24801,cross_judge_disagreement,vlm_consensus_failure_cases.csv,,ambiguous,vi,line,"Tạo biểu đồ phù hợp cho chỉ số stocks traded, total value (% of gdp) mẫu 20.",,wrong_chart_type;wrong_fields|unreadable,"{""acceptable"": """", ""visible_chart_family"": """", ""major_issue"": """", ""conservative_issue"": """"}",wrong_chart_type;wrong_fields|unreadable,,yes,no,yes,yes,no,data_mismatch,5,
vinl2vis_31384,cross_judge_disagreement,vlm_consensus_failure_cases.csv,,underspecified,vi,bar,Xếp hạng các nước theo chỉ số nitrous oxide (n2o) emissions from building (energy) (mt co2e).,,explanation,"{""acceptable"": """", ""visible_chart_family"": """", ""major_issue"": """", ""conservative_issue"": """"}",explanation,,yes,no,yes,yes,no,wrong_chart_type,4,
vinl2vis_32984,cross_judge_disagreement,vlm_consensus_failure_cases.csv,,underspecified,vi,bar,"Xếp hạng các nước theo chỉ số renewable internal freshwater resources, total (billion cubic meters).",,wrong_chart_type,"{""acceptable"": """", ""visible_chart_family"": """", ""major_issue"": """", ""conservative_issue"": """"}",wrong_chart_type,,yes,yes,no,yes,no,wrong_chart_type,5,
vinl2vis_28591,deterministic_failure,heldout860_qwen3_8b_auditfix_v1/visual_sanity/visual_sanity_per_output.csv,wbexp_asean_eg_egy_prim_pp_kd_energy_intensity_level_of_primary_energy_mj_2021_ppp,multi_turn,vi,bar,"Hãy so sánh các nước.
Dùng năm mới nhất.",,,"{""acceptable"": """", ""visible_chart_family"": """", ""major_issue"": """", ""conservative_issue"": """"}",missing_title,line,no,yes,no,yes,yes,none,4,
vinl2vis_03166,deterministic_failure,english1000_qwen3_4b_residualfix_v1/visual_sanity_per_output.csv,wb_asean_fixed_broadband_subscriptions,explicit,en,area,Use an area chart to show changes in asean fixed broadband subscriptions over time.,,,"{""acceptable"": """", ""visible_chart_family"": """", ""major_issue"": """", ""conservative_issue"": """"}",trend_missing_country_grouping,,yes,yes,yes,yes,no,missing_legend,4,
vinl2vis_31584,deterministic_failure,strict_transformation_audit.csv,,underspecified,,bar,,,missing_filter_transform,"{""acceptable"": """", ""visible_chart_family"": """", ""major_issue"": """", ""conservative_issue"": """"}",missing_filter_transform,,yes,no,yes,yes,no,wrong_chart_type,4,
vinl2vis_33464,deterministic_failure,strict_transformation_audit.csv,,underspecified,,bar,,,missing_filter_transform,"{""acceptable"": """", ""visible_chart_family"": """", ""major_issue"": """", ""conservative_issue"": """"}",missing_filter_transform,,yes,yes,yes,yes,no,unreadable_labels,5,
vinl2vis_05478,deterministic_failure,english1000_qwen3_4b_residualfix_v1/visual_sanity_per_output.csv,wbexp_asean_ag_srf_totl_k2_surface_area_sq_km,explicit,en,line,"Show surface area (sq. km) for ASEAN countries, variant 17.",,,"{""acceptable"": """", ""visible_chart_family"": """", ""major_issue"": """", ""conservative_issue"": """"}",visual_chart_family_mismatch;trend_missing_country_grouping;line_expected_non_line_mark,,yes,yes,yes,yes,no,data_mismatch,5,
vinl2vis_02952,deterministic_failure,strict_transformation_audit.csv,,explicit,,bar,,,missing_filter_transform,"{""acceptable"": """", ""visible_chart_family"": """", ""major_issue"": """", ""conservative_issue"": """"}",missing_filter_transform,,yes,yes,no,yes,no,missing_legend,5,
vinl2vis_30304,deterministic_failure,strict_transformation_audit.csv,,underspecified,,bar,,,missing_filter_transform|missing_sort_transform,"{""acceptable"": """", ""visible_chart_family"": """", ""major_issue"": """", ""conservative_issue"": """"}",missing_filter_transform|missing_sort_transform,,yes,no,yes,yes,yes,none,5,
vinl2vis_05403,deterministic_failure,english1000_qwen3_4b_residualfix_v1/visual_sanity_per_output.csv,wbexp_asean_ag_prd_food_xd_food_production_index_2014_2016_100,explicit,en,line,"Show food production index (2014-2016 = 100) for ASEAN countries, variant 22.",,,"{""acceptable"": """", ""visible_chart_family"": """", ""major_issue"": """", ""conservative_issue"": """"}",visual_chart_family_mismatch;trend_missing_country_grouping;line_expected_non_line_mark,,yes,yes,yes,yes,yes,none,4,
vinl2vis_22881,deterministic_failure,heldout860_qwen3_4b_residualfix_v2/visual_sanity_per_output.csv,wbexp_asean_bm_gsr_mrch_cd_goods_imports_bop_current_us,ambiguous,vi,line,"Tạo biểu đồ phù hợp cho chỉ số goods imports (bop, current us$) mẫu 20.",,,"{""acceptable"": """", ""visible_chart_family"": """", ""major_issue"": """", ""conservative_issue"": """"}",missing_title,,yes,yes,no,yes,yes,none,5,
vinl2vis_05893,deterministic_failure,english1000_qwen3_4b_residualfix_v1/visual_sanity_per_output.csv,wbexp_asean_bar_noed_25up_fe_zs_barro_lee_percentage_of_female_population_age_25_w,explicit,en,line,"Show barro-lee: percentage of female population age 25+ with no education for ASEAN countries, variant 32.",,,"{""acceptable"": """", ""visible_chart_family"": """", ""major_issue"": """", ""conservative_issue"": """"}",visual_chart_family_mismatch;trend_missing_country_grouping;line_expected_non_line_mark,,yes,yes,yes,yes,yes,none,5,
vinl2vis_25161,deterministic_failure,heldout860_qwen3_8b_residualfix_v1/visual_sanity_per_output.csv,wbexp_asean_dc_dac_deul_cd_net_bilateral_aid_flows_from_dac_donors_germany_current,ambiguous,vi,line,"Tạo biểu đồ phù hợp cho chỉ số net bilateral aid flows from dac donors, germany (current us$) mẫu 20.",,,"{""acceptable"": """", ""visible_chart_family"": """", ""major_issue"": """", ""conservative_issue"": """"}",missing_title,,yes,no,yes,yes,yes,none,5,
vinl2vis_25322,deterministic_failure,heldout860_qwen3_4b_stricttransform_v1/visual_sanity/visual_sanity_per_output.csv,wbexp_asean_dc_dac_fral_cd_net_bilateral_aid_flows_from_dac_donors_france_current_,explicit,vi,bar,"So sánh chỉ số net bilateral aid flows from dac donors, france (current us$) ở các quốc gia, biến thể 21.",,,"{""acceptable"": """", ""visible_chart_family"": """", ""major_issue"": """", ""conservative_issue"": """"}",missing_title,,yes,yes,yes,yes,yes,none,5,
vinl2vis_00435,deterministic_failure,english1000_qwen3_4b_visualfix_v1_auditfix_v2/visual_sanity_per_output.csv,wb_asean_gdp_current_usd,explicit,en,point,Create a point chart for asean gdp current usd by year.,,,"{""acceptable"": """", ""visible_chart_family"": """", ""major_issue"": """", ""conservative_issue"": """"}",single_year_temporal_x_axis,,yes,no,yes,yes,yes,none,5,
vinl2vis_04125,deterministic_failure,english1000_qwen3_4b_residualfix_v1/visual_sanity_per_output.csv,derived_education_profile,explicit,en,bubble_chart,"Create a bubble chart using Tỷ lệ nhập học tiểu học, Tỷ lệ nhập học trung học, and Tỷ lệ nhập học đại học.",,,"{""acceptable"": """", ""visible_chart_family"": """", ""major_issue"": """", ""conservative_issue"": """"}",bubble_missing_country_grouping,,yes,no,yes,yes,yes,none,4,
vinl2vis_05363,deterministic_failure,english1000_qwen3_4b_residualfix_v1/visual_sanity_per_output.csv,wbexp_asean_ag_prd_crop_xd_crop_production_index_2014_2016_100,explicit,en,line,"Show crop production index (2014-2016 = 100) for ASEAN countries, variant 22.",,,"{""acceptable"": """", ""visible_chart_family"": """", ""major_issue"": """", ""conservative_issue"": """"}",visual_chart_family_mismatch;trend_missing_country_grouping;line_expected_non_line_mark,,yes,yes,no,yes,no,unreadable_labels,5,
vinl2vis_24401,deterministic_failure,heldout860_qwen3_8b_residualfix_v2/visual_sanity_per_output.csv,wbexp_asean_bx_pef_totl_cd_wd_portfolio_equity_net_inflows_bop_current_us,ambiguous,vi,line,"Tạo biểu đồ phù hợp cho chỉ số portfolio equity, net inflows (bop, current us$) mẫu 20.",,,"{""acceptable"": """", ""visible_chart_family"": """", ""major_issue"": """", ""conservative_issue"": """"}",missing_title,,yes,yes,yes,yes,yes,none,5,
vinl2vis_24161,deterministic_failure,heldout860_qwen3_4b_residualfix_v2/visual_sanity_per_output.csv,wbexp_asean_bx_gsr_royl_cd_charges_for_the_use_of_intellectual_property_receipts_b,ambiguous,vi,line,"Tạo biểu đồ phù hợp cho chỉ số charges for the use of intellectual property, receipts (bop, current us$) mẫu 20.",,,"{""acceptable"": """", ""visible_chart_family"": """", ""major_issue"": """", ""conservative_issue"": """"}",missing_title,,yes,no,yes,no,yes,none,5,
vinl2vis_05793,deterministic_failure,english1000_qwen3_4b_residualfix_v1/visual_sanity_per_output.csv,wbexp_asean_bar_noed_2529_fe_zs_barro_lee_percentage_of_female_population_age_25_2,explicit,en,line,"Show barro-lee: percentage of female population age 25-29 with no education for ASEAN countries, variant 12.",,,"{""acceptable"": """", ""visible_chart_family"": """", ""major_issue"": """", ""conservative_issue"": """"}",visual_chart_family_mismatch;trend_missing_country_grouping;line_expected_non_line_mark,,yes,no,yes,yes,yes,none,4,
vinl2vis_28550,deterministic_failure,heldout860_qwen3_8b_residualfix_v2/visual_sanity_per_output.csv,wbexp_asean_eg_cft_accs_zs_access_to_clean_fuels_and_technologies_for_cooking_of_p,multi_turn,vi,line,"Tôi muốn xem xu hướng.
Dùng dữ liệu này và tách theo quốc gia.",,,"{""acceptable"": """", ""visible_chart_family"": """", ""major_issue"": """", ""conservative_issue"": """"}",missing_title,,yes,yes,yes,no,no,wrong_chart_type,5,
vinl2vis_28911,deterministic_failure,heldout860_qwen3_8b_residualfix_v2/visual_sanity_per_output.csv,wbexp_asean_eg_elc_ngas_zs_electricity_production_from_natural_gas_sources_of_tota,multi_turn,vi,bar,"Hãy so sánh các nước.
Dùng năm mới nhất.",,,"{""acceptable"": """", ""visible_chart_family"": """", ""major_issue"": """", ""conservative_issue"": """"}",missing_title,scatter,no,yes,yes,yes,no,unreadable_labels,5,
vinl2vis_24162,deterministic_failure,heldout860_qwen3_8b_residualfix_v2/visual_sanity_per_output.csv,wbexp_asean_bx_gsr_royl_cd_charges_for_the_use_of_intellectual_property_receipts_b,explicit,vi,bar,"So sánh chỉ số charges for the use of intellectual property, receipts (bop, current us$) ở các quốc gia, biến thể 21.",,,"{""acceptable"": """", ""visible_chart_family"": """", ""major_issue"": """", ""conservative_issue"": """"}",missing_title,,yes,yes,yes,yes,yes,none,4,
vinl2vis_03222,deterministic_failure,matched_bilingual1000_qwen3_4b_stricttransform_v1/visual_sanity/visual_sanity_per_output.csv,wb_asean_secure_internet_servers,explicit,vi,bar,So sánh máy chủ internet an toàn các nước asean giữa các nước trong năm 2024.,,,"{""acceptable"": """", ""visible_chart_family"": """", ""major_issue"": """", ""conservative_issue"": """"}",missing_title,,yes,yes,yes,yes,yes,none,5,
vinl2vis_25482,deterministic_failure,heldout860_qwen3_8b_residualfix_v2/visual_sanity_per_output.csv,wbexp_asean_dc_dac_ital_cd_net_bilateral_aid_flows_from_dac_donors_italy_current_u,explicit,vi,bar,"So sánh chỉ số net bilateral aid flows from dac donors, italy (current us$) ở các quốc gia, biến thể 21.",,,"{""acceptable"": """", ""visible_chart_family"": """", ""major_issue"": """", ""conservative_issue"": """"}",missing_title,,yes,yes,yes,yes,yes,none,5,
vinl2vis_32704,deterministic_failure,heldout860_qwen3_8b_residualfix_v2/visual_sanity_per_output.csv,wbexp_asean_er_gdp_fwtl_m3_kd_water_productivity_total_constant_2015_us_gdp_per_cu,underspecified,vi,bar,"Xếp hạng các nước theo chỉ số water productivity, total (constant 2015 us$ gdp per cubic meter of total freshwater withdrawal).",,,"{""acceptable"": """", ""visible_chart_family"": """", ""major_issue"": """", ""conservative_issue"": """"}",missing_title,bar,no,yes,yes,yes,yes,none,4,
vinl2vis_03993,deterministic_failure,strict_transformation_audit.csv,,explicit,,bar,,,missing_filter_transform,"{""acceptable"": """", ""visible_chart_family"": """", ""major_issue"": """", ""conservative_issue"": """"}",missing_filter_transform,bar,no,no,no,yes,no,wrong_chart_type,5,
vinl2vis_22761,deterministic_failure,heldout860_qwen3_8b_residualfix_v1/visual_sanity_per_output.csv,wbexp_asean_bm_gsr_fcty_cd_primary_income_payments_bop_current_us,ambiguous,vi,line,"Tạo biểu đồ phù hợp cho chỉ số primary income payments (bop, current us$) mẫu 20.",,,"{""acceptable"": """", ""visible_chart_family"": """", ""major_issue"": """", ""conservative_issue"": """"}",trend_missing_country_grouping;missing_title,,yes,no,yes,yes,no,missing_legend,5,
vinl2vis_23436,deterministic_failure,heldout860_qwen3_8b_residualfix_v2/visual_sanity_per_output.csv,wbexp_asean_bn_gsr_gnfs_cd_net_trade_in_goods_and_services_bop_current_us,ambiguous,vi,line,"Tạo biểu đồ phù hợp cho chỉ số net trade in goods and services (bop, current us$) mẫu 15.",,,"{""acceptable"": """", ""visible_chart_family"": """", ""major_issue"": """", ""conservative_issue"": """"}",missing_title,,yes,no,yes,yes,no,unreadable_labels,5,
vinl2vis_24784,deterministic_failure,balanced1000_qwen3_4b_stricttransform_v1/visual_sanity/visual_sanity_per_output.csv,wbexp_asean_cm_mkt_trad_gd_zs_stocks_traded_total_value_of_gdp,underspecified,vi,bar,"Xếp hạng các nước theo chỉ số stocks traded, total value (% of gdp).",,,"{""acceptable"": """", ""visible_chart_family"": """", ""major_issue"": """", ""conservative_issue"": """"}",missing_title,line,no,no,yes,yes,no,wrong_chart_type,5,
vinl2vis_30311,deterministic_failure,heldout860_qwen3_8b_residualfix_v1/visual_sanity_per_output.csv,wbexp_asean_en_ghg_ch4_ic_mt_ce_ar5_methane_ch4_emissions_from_industrial_combusti,multi_turn,vi,bar,"Hãy so sánh các nước.
Dùng năm mới nhất.",,,"{""acceptable"": """", ""visible_chart_family"": """", ""major_issue"": """", ""conservative_issue"": """"}",missing_title,,yes,yes,yes,yes,yes,none,5,
vinl2vis_22875,deterministic_failure,balanced1000_qwen3_4b_qwen_chart_family_strict_repair_residualfix_v1/visual_sanity_per_output.csv,wbexp_asean_bm_gsr_mrch_cd_goods_imports_bop_current_us,unanswerable,vi,none,"Không có dữ liệu cấp huyện cho chỉ số goods imports (bop, current us$), biến thể 14.",,,"{""acceptable"": """", ""visible_chart_family"": """", ""major_issue"": """", ""conservative_issue"": """"}",missing_spec,,yes,no,yes,yes,yes,none,4,
vinl2vis_28390,deterministic_failure,heldout860_qwen3_8b_residualfix_v2/visual_sanity_per_output.csv,wbexp_asean_ef_efm_rank_xd_economic_fitness_ranking_1_high_149_low,multi_turn,vi,line,"Tôi muốn xem xu hướng.
Dùng dữ liệu này và tách theo quốc gia.",,,"{""acceptable"": """", ""visible_chart_family"": """", ""major_issue"": """", ""conservative_issue"": """"}",missing_title,,yes,yes,yes,yes,no,wrong_chart_type,4,
vinl2vis_24997,deterministic_failure,heldout860_qwen3_4b_stricttransform_v1/visual_sanity/visual_sanity_per_output.csv,wbexp_asean_dc_dac_canl_cd_net_bilateral_aid_flows_from_dac_donors_canada_current_,explicit,vi,bar,"So sánh chỉ số net bilateral aid flows from dac donors, canada (current us$) ở các quốc gia, biến thể 16.",,,"{""acceptable"": """", ""visible_chart_family"": """", ""major_issue"": """", ""conservative_issue"": """"}",missing_title,,yes,yes,yes,yes,yes,none,5,
vinl2vis_04756,deterministic_failure,heldout860_qwen3_8b_residualfix_v1/visual_sanity_per_output.csv,wbexp_asean_ag_con_fert_pt_zs_fertilizer_consumption_of_fertilizer_production,ambiguous,vi,line,Tạo biểu đồ phù hợp cho chỉ số fertilizer consumption (% of fertilizer production) mẫu 15.,,,"{""acceptable"": """", ""visible_chart_family"": """", ""major_issue"": """", ""conservative_issue"": """"}",missing_title,pie,no,yes,no,yes,yes,none,5,
vinl2vis_31704,deterministic_failure,heldout860_qwen3_8b_residualfix_v1/visual_sanity_per_output.csv,wbexp_asean_en_ghg_n2o_zg_ar5_nitrous_oxide_n2o_emissions_total_excluding_lulucf_c,underspecified,vi,bar,Xếp hạng các nước theo chỉ số nitrous oxide (n2o) emissions (total) excluding lulucf (% change from 1990).,,,"{""acceptable"": """", ""visible_chart_family"": """", ""major_issue"": """", ""conservative_issue"": """"}",missing_title,,yes,yes,no,yes,yes,none,4,
vinl2vis_05077,deterministic_failure,strict_transformation_audit.csv,,explicit,,bar,,,missing_filter_transform|missing_sort_transform,"{""acceptable"": """", ""visible_chart_family"": """", ""major_issue"": """", ""conservative_issue"": """"}",missing_filter_transform|missing_sort_transform,,yes,yes,yes,no,no,missing_legend,5,
vinl2vis_29670,deterministic_failure,heldout860_qwen3_8b_residualfix_v2/visual_sanity_per_output.csv,wbexp_asean_en_atm_pm25_mc_m3_pm2_5_air_pollution_mean_annual_exposure_micrograms_,multi_turn,vi,line,"Tôi muốn xem xu hướng.
Dùng dữ liệu này và tách theo quốc gia.",,,"{""acceptable"": """", ""visible_chart_family"": """", ""major_issue"": """", ""conservative_issue"": """"}",missing_title,,yes,no,yes,no,no,wrong_chart_type,5,
vinl2vis_25677,deterministic_failure,heldout860_qwen3_8b_residualfix_v2/visual_sanity_per_output.csv,wbexp_asean_dc_dac_norl_cd_net_bilateral_aid_flows_from_dac_donors_norway_current_,explicit,vi,bar,"So sánh chỉ số net bilateral aid flows from dac donors, norway (current us$) ở các quốc gia, biến thể 16.",,,"{""acceptable"": """", ""visible_chart_family"": """", ""major_issue"": """", ""conservative_issue"": """"}",missing_title,,yes,no,yes,yes,no,unreadable_labels,4,
vinl2vis_22916,deterministic_failure,heldout860_qwen3_8b_residualfix_v2/visual_sanity_per_output.csv,wbexp_asean_bm_gsr_nfsv_cd_service_imports_bop_current_us,ambiguous,vi,line,"Tạo biểu đồ phù hợp cho chỉ số service imports (bop, current us$) mẫu 15.",,,"{""acceptable"": """", ""visible_chart_family"": """", ""major_issue"": """", ""conservative_issue"": """"}",missing_title,,yes,no,yes,yes,yes,none,5,
vinl2vis_26664,deterministic_failure,balanced1000_qwen3_4b_stricttransform_v1/visual_sanity/visual_sanity_per_output.csv,wbexp_asean_dt_nfl_mida_cd_net_financial_flows_ida_nfl_current_us,underspecified,vi,bar,"Xếp hạng các nước theo chỉ số net financial flows, ida (nfl, current us$).",,,"{""acceptable"": """", ""visible_chart_family"": """", ""major_issue"": """", ""conservative_issue"": """"}",missing_title,,yes,no,yes,yes,no,wrong_chart_type,5,
vinl2vis_01694,deterministic_failure,matched_bilingual1000_qwen3_4b_visualfix_v5_auditfix_v1/visual_sanity_per_output.csv,wb_asean_tertiary_school_enrollment,explicit,en,bar,Rank countries by asean tertiary school enrollment in the latest year.,,,"{""acceptable"": """", ""visible_chart_family"": """", ""major_issue"": """", ""conservative_issue"": """"}",missing_title,,yes,no,yes,yes,yes,none,4,
vinl2vis_22836,weak_judge_only_flag,vlm_consensus_failure_cases.csv,,ambiguous,vi,line,"Tạo biểu đồ phù hợp cho chỉ số insurance and financial services (% of service imports, bop) mẫu 15.",,wrong_fields,"{""acceptable"": """", ""visible_chart_family"": """", ""major_issue"": """", ""conservative_issue"": """"}",wrong_fields,,yes,yes,yes,yes,no,data_mismatch,4,
vinl2vis_05241,weak_judge_only_flag,vlm_consensus_failure_cases.csv,,ambiguous,vi,line,Tạo biểu đồ phù hợp cho chỉ số average precipitation in depth (mm per year) mẫu 20.,,wrong_fields,"{""acceptable"": """", ""visible_chart_family"": """", ""major_issue"": """", ""conservative_issue"": """"}",wrong_fields,bar,no,yes,yes,yes,no,data_mismatch,4,
vinl2vis_26510,weak_judge_only_flag,vlm_consensus_failure_cases.csv,,multi_turn,vi,line,"Tôi muốn xem xu hướng.
Dùng dữ liệu này và tách theo quốc gia.",,wrong_fields,"{""acceptable"": """", ""visible_chart_family"": """", ""major_issue"": """", ""conservative_issue"": """"}",wrong_fields,pie,no,yes,no,yes,no,data_mismatch,5,
vinl2vis_05521,weak_judge_only_flag,vlm_consensus_failure_cases.csv,,ambiguous,vi,line,Tạo biểu đồ phù hợp cho chỉ số cereal yield (kg per hectare) mẫu 20.,,wrong_fields,"{""acceptable"": """", ""visible_chart_family"": """", ""major_issue"": """", ""conservative_issue"": """"}",wrong_fields,line,no,yes,no,yes,yes,none,5,
vinl2vis_29030,weak_judge_only_flag,vlm_consensus_failure_cases.csv,,multi_turn,vi,line,"Tôi muốn xem xu hướng.
Dùng dữ liệu này và tách theo quốc gia.",,wrong_fields,"{""acceptable"": """", ""visible_chart_family"": """", ""major_issue"": """", ""conservative_issue"": """"}",wrong_fields,,yes,yes,yes,yes,no,missing_legend,4,
vinl2vis_25361,weak_judge_only_flag,vlm_consensus_failure_cases.csv,,ambiguous,vi,line,"Tạo biểu đồ phù hợp cho chỉ số net bilateral aid flows from dac donors, united kingdom (current us$) mẫu 20.",,wrong_fields,"{""acceptable"": """", ""visible_chart_family"": """", ""major_issue"": """", ""conservative_issue"": """"}",wrong_fields,,yes,yes,yes,no,no,wrong_chart_type,5,
vinl2vis_23636,weak_judge_only_flag,vlm_consensus_failure_cases.csv,,ambiguous,vi,line,"Tạo biểu đồ phù hợp cho chỉ số reserves and related items (bop, current us$) mẫu 15.",,wrong_fields,"{""acceptable"": """", ""visible_chart_family"": """", ""major_issue"": """", ""conservative_issue"": """"}",wrong_fields,,yes,yes,yes,yes,no,data_mismatch,5,
vinl2vis_30824,weak_judge_only_flag,vlm_consensus_failure_cases.csv,,underspecified,vi,bar,Xếp hạng các nước theo chỉ số carbon dioxide (co2) net fluxes from lulucf - forest land (mt co2e).,,wrong_fields,"{""acceptable"": """", ""visible_chart_family"": """", ""major_issue"": """", ""conservative_issue"": """"}",wrong_fields,,yes,no,yes,yes,no,unreadable_labels,5,
vinl2vis_04882,weak_judge_only_flag,vlm_consensus_failure_cases.csv,,explicit,vi,bar,"So sánh chỉ số agricultural land (% of land area) ở các quốc gia, biến thể 21.",,wrong_fields,"{""acceptable"": """", ""visible_chart_family"": """", ""major_issue"": """", ""conservative_issue"": """"}",wrong_fields,,yes,yes,no,yes,no,missing_legend,5,
vinl2vis_26430,weak_judge_only_flag,vlm_consensus_failure_cases.csv,,multi_turn,vi,line,"Tôi muốn xem xu hướng.
Dùng dữ liệu này và tách theo quốc gia.",,wrong_fields,"{""acceptable"": """", ""visible_chart_family"": """", ""major_issue"": """", ""conservative_issue"": """"}",wrong_fields,,yes,yes,no,yes,yes,none,4,
vinl2vis_24361,weak_judge_only_flag,vlm_consensus_failure_cases.csv,,ambiguous,vi,line,"Tạo biểu đồ phù hợp cho chỉ số foreign direct investment, net inflows (% of gdp) mẫu 20.",,wrong_fields,"{""acceptable"": """", ""visible_chart_family"": """", ""major_issue"": """", ""conservative_issue"": """"}",wrong_fields,,yes,yes,yes,yes,no,data_mismatch,4,
vinl2vis_22921,weak_judge_only_flag,vlm_consensus_failure_cases.csv,,ambiguous,vi,line,"Tạo biểu đồ phù hợp cho chỉ số service imports (bop, current us$) mẫu 20.",,wrong_fields,"{""acceptable"": """", ""visible_chart_family"": """", ""major_issue"": """", ""conservative_issue"": """"}",wrong_fields,,yes,yes,yes,yes,yes,none,5,
vinl2vis_24157,weak_judge_only_flag,vlm_consensus_failure_cases.csv,,explicit,vi,bar,"So sánh chỉ số charges for the use of intellectual property, receipts (bop, current us$) ở các quốc gia, biến thể 16.",,wrong_fields,"{""acceptable"": """", ""visible_chart_family"": """", ""major_issue"": """", ""conservative_issue"": """"}",wrong_fields,,yes,no,yes,yes,no,unreadable_labels,5,
vinl2vis_23881,weak_judge_only_flag,vlm_consensus_failure_cases.csv,,ambiguous,vi,line,"Tạo biểu đồ phù hợp cho chỉ số ict service exports (% of service exports, bop) mẫu 20.",,wrong_fields,"{""acceptable"": """", ""visible_chart_family"": """", ""major_issue"": """", ""conservative_issue"": """"}",wrong_fields,,yes,no,yes,yes,yes,none,5,
vinl2vis_23516,weak_judge_only_flag,vlm_consensus_failure_cases.csv,,ambiguous,vi,line,"Tạo biểu đồ phù hợp cho chỉ số net errors and omissions (bop, current us$) mẫu 15.",,wrong_fields,"{""acceptable"": """", ""visible_chart_family"": """", ""major_issue"": """", ""conservative_issue"": """"}",wrong_fields,,yes,no,yes,yes,yes,none,5,
vinl2vis_05362,weak_judge_only_flag,vlm_consensus_failure_cases.csv,,explicit,vi,bar,"So sánh chỉ số crop production index (2014-2016 = 100) ở các quốc gia, biến thể 21.",,wrong_fields,"{""acceptable"": """", ""visible_chart_family"": """", ""major_issue"": """", ""conservative_issue"": """"}",wrong_fields,,yes,yes,yes,yes,yes,none,4,
vinl2vis_23362,weak_judge_only_flag,vlm_consensus_failure_cases.csv,,explicit,vi,bar,"So sánh chỉ số net financial account (bop, current us$) ở các quốc gia, biến thể 21.",,wrong_fields,"{""acceptable"": """", ""visible_chart_family"": """", ""major_issue"": """", ""conservative_issue"": """"}",wrong_fields,,yes,yes,yes,no,no,data_mismatch,4,
vinl2vis_25322,weak_judge_only_flag,vlm_consensus_failure_cases.csv,,explicit,vi,bar,"So sánh chỉ số net bilateral aid flows from dac donors, france (current us$) ở các quốc gia, biến thể 21.",,wrong_fields,"{""acceptable"": """", ""visible_chart_family"": """", ""major_issue"": """", ""conservative_issue"": """"}",wrong_fields,,yes,yes,no,yes,no,unreadable_labels,5,
vinl2vis_25202,weak_judge_only_flag,vlm_consensus_failure_cases.csv,,explicit,vi,bar,"So sánh chỉ số net bilateral aid flows from dac donors, denmark (current us$) ở các quốc gia, biến thể 21.",,wrong_fields,"{""acceptable"": """", ""visible_chart_family"": """", ""major_issue"": """", ""conservative_issue"": """"}",wrong_fields,,yes,yes,yes,yes,yes,none,4,
vinl2vis_28830,weak_judge_only_flag,vlm_consensus_failure_cases.csv,,multi_turn,vi,line,"Tôi muốn xem xu hướng.
Dùng dữ liệu này và tách theo quốc gia.",,wrong_fields,"{""acceptable"": """", ""visible_chart_family"": """", ""major_issue"": """", ""conservative_issue"": """"}",wrong_fields,pie,no,yes,no,yes,no,missing_legend,5,
vinl2vis_29990,weak_judge_only_flag,vlm_consensus_failure_cases.csv,,multi_turn,vi,line,"Tôi muốn xem xu hướng.
Dùng dữ liệu này và tách theo quốc gia.",,wrong_fields,"{""acceptable"": """", ""visible_chart_family"": """", ""major_issue"": """", ""conservative_issue"": """"}",wrong_fields,,yes,yes,no,yes,no,unreadable_labels,5,
vinl2vis_24637,weak_judge_only_flag,vlm_consensus_failure_cases.csv,,explicit,vi,bar,"So sánh chỉ số market capitalization of listed domestic companies (current us$) ở các quốc gia, biến thể 16.",,wrong_fields,"{""acceptable"": """", ""visible_chart_family"": """", ""major_issue"": """", ""conservative_issue"": """"}",wrong_fields,pie,no,yes,no,yes,no,missing_legend,4,
vinl2vis_23156,weak_judge_only_flag,vlm_consensus_failure_cases.csv,,ambiguous,vi,line,"Tạo biểu đồ phù hợp cho chỉ số foreign direct investment, net outflows (% of gdp) mẫu 15.",,wrong_fields,"{""acceptable"": """", ""visible_chart_family"": """", ""major_issue"": """", ""conservative_issue"": """"}",wrong_fields,,yes,yes,no,yes,no,data_mismatch,4,
vinl2vis_26150,weak_judge_only_flag,vlm_consensus_failure_cases.csv,,multi_turn,vi,line,"Tôi muốn xem xu hướng.
Dùng dữ liệu này và tách theo quốc gia.",,wrong_fields,"{""acceptable"": """", ""visible_chart_family"": """", ""major_issue"": """", ""conservative_issue"": """"}",wrong_fields,,yes,yes,yes,yes,no,data_mismatch,4,
vinl2vis_25321,weak_judge_only_flag,vlm_consensus_failure_cases.csv,,ambiguous,vi,line,"Tạo biểu đồ phù hợp cho chỉ số net bilateral aid flows from dac donors, france (current us$) mẫu 20.",,wrong_fields,"{""acceptable"": """", ""visible_chart_family"": """", ""major_issue"": """", ""conservative_issue"": """"}",wrong_fields,,yes,yes,yes,yes,no,unreadable_labels,4,
vinl2vis_23802,weak_judge_only_flag,vlm_consensus_failure_cases.csv,,explicit,vi,bar,"So sánh chỉ số technical cooperation grants (bop, current us$) ở các quốc gia, biến thể 21.",,wrong_fields,"{""acceptable"": """", ""visible_chart_family"": """", ""major_issue"": """", ""conservative_issue"": """"}",wrong_fields,scatter,no,yes,yes,yes,no,data_mismatch,4,
vinl2vis_23602,weak_judge_only_flag,vlm_consensus_failure_cases.csv,,explicit,vi,bar,"So sánh chỉ số portfolio investment, net (bop, current us$) ở các quốc gia, biến thể 21.",,wrong_fields,"{""acceptable"": """", ""visible_chart_family"": """", ""major_issue"": """", ""conservative_issue"": """"}",wrong_fields,pie,no,yes,yes,yes,no,unreadable_labels,5,
vinl2vis_05436,weak_judge_only_flag,vlm_consensus_failure_cases.csv,,ambiguous,vi,line,Tạo biểu đồ phù hợp cho chỉ số livestock production index (2014-2016 = 100) mẫu 15.,,wrong_fields,"{""acceptable"": """", ""visible_chart_family"": """", ""major_issue"": """", ""conservative_issue"": """"}",wrong_fields,,yes,no,no,no,no,missing_legend,5,
vinl2vis_23356,weak_judge_only_flag,vlm_consensus_failure_cases.csv,,ambiguous,vi,line,"Tạo biểu đồ phù hợp cho chỉ số net financial account (bop, current us$) mẫu 15.",,wrong_fields,"{""acceptable"": """", ""visible_chart_family"": """", ""major_issue"": """", ""conservative_issue"": """"}",wrong_fields,,yes,no,yes,yes,no,data_mismatch,5,
vinl2vis_23957,weak_judge_only_flag,vlm_consensus_failure_cases.csv,,explicit,vi,bar,"So sánh chỉ số primary income receipts (bop, current us$) ở các quốc gia, biến thể 16.",,wrong_fields,"{""acceptable"": """", ""visible_chart_family"": """", ""major_issue"": """", ""conservative_issue"": """"}",wrong_fields,,yes,no,yes,yes,no,unreadable_labels,5,
vinl2vis_25082,weak_judge_only_flag,vlm_consensus_failure_cases.csv,,explicit,vi,bar,"So sánh chỉ số net bilateral aid flows from dac donors, switzerland (current us$) ở các quốc gia, biến thể 21.",,wrong_fields,"{""acceptable"": """", ""visible_chart_family"": """", ""major_issue"": """", ""conservative_issue"": """"}",wrong_fields,,yes,no,yes,yes,no,unreadable_labels,5,
vinl2vis_24441,weak_judge_only_flag,vlm_consensus_failure_cases.csv,,ambiguous,vi,line,"Tạo biểu đồ phù hợp cho chỉ số secondary income receipts (bop, current us$) mẫu 20.",,wrong_fields,"{""acceptable"": """", ""visible_chart_family"": """", ""major_issue"": """", ""conservative_issue"": """"}",wrong_fields,,yes,no,yes,yes,no,unreadable_labels,5,
vinl2vis_28430,weak_judge_only_flag,vlm_consensus_failure_cases.csv,,multi_turn,vi,line,"Tôi muốn xem xu hướng.
Dùng dữ liệu này và tách theo quốc gia.",,wrong_fields,"{""acceptable"": """", ""visible_chart_family"": """", ""major_issue"": """", ""conservative_issue"": """"}",wrong_fields,,yes,yes,yes,yes,no,missing_legend,5,
vinl2vis_24481,weak_judge_only_flag,vlm_consensus_failure_cases.csv,,ambiguous,vi,line,"Tạo biểu đồ phù hợp cho chỉ số personal transfers, receipts (bop, current us$) mẫu 20.",,wrong_fields,"{""acceptable"": """", ""visible_chart_family"": """", ""major_issue"": """", ""conservative_issue"": """"}",wrong_fields,,yes,yes,yes,yes,no,missing_legend,5,
vinl2vis_24997,weak_judge_only_flag,vlm_consensus_failure_cases.csv,,explicit,vi,bar,"So sánh chỉ số net bilateral aid flows from dac donors, canada (current us$) ở các quốc gia, biến thể 16.",,wrong_fields,"{""acceptable"": """", ""visible_chart_family"": """", ""major_issue"": """", ""conservative_issue"": """"}",wrong_fields,,yes,yes,no,yes,yes,none,5,
vinl2vis_23402,weak_judge_only_flag,vlm_consensus_failure_cases.csv,,explicit,vi,bar,"So sánh chỉ số net primary income (bop, current us$) ở các quốc gia, biến thể 21.",,wrong_fields,"{""acceptable"": """", ""visible_chart_family"": """", ""major_issue"": """", ""conservative_issue"": """"}",wrong_fields,,yes,yes,yes,yes,no,data_mismatch,5,
vinl2vis_31024,weak_judge_only_flag,vlm_consensus_failure_cases.csv,,underspecified,vi,bar,Xếp hạng các nước theo chỉ số carbon dioxide (co2) emissions excluding lulucf per capita (t co2e/capita).,,missing,"{""acceptable"": """", ""visible_chart_family"": """", ""major_issue"": """", ""conservative_issue"": """"}",missing,,yes,yes,yes,yes,no,wrong_chart_type,5,
vinl2vis_22762,weak_judge_only_flag,vlm_consensus_failure_cases.csv,,explicit,vi,bar,"So sánh chỉ số primary income payments (bop, current us$) ở các quốc gia, biến thể 21.",,wrong_fields,"{""acceptable"": """", ""visible_chart_family"": """", ""major_issue"": """", ""conservative_issue"": """"}",wrong_fields,,yes,no,yes,yes,yes,none,5,
vinl2vis_23236,weak_judge_only_flag,vlm_consensus_failure_cases.csv,,ambiguous,vi,line,"Tạo biểu đồ phù hợp cho chỉ số personal remittances, paid (current us$) mẫu 15.",,wrong_fields,"{""acceptable"": """", ""visible_chart_family"": """", ""major_issue"": """", ""conservative_issue"": """"}",wrong_fields,,yes,no,no,yes,no,data_mismatch,5,
vinl2vis_25597,weak_judge_only_flag,vlm_consensus_failure_cases.csv,,explicit,vi,bar,"So sánh chỉ số net bilateral aid flows from dac donors, luxembourg (current us$) ở các quốc gia, biến thể 16.",,wrong_fields,"{""acceptable"": """", ""visible_chart_family"": """", ""major_issue"": """", ""conservative_issue"": """"}",wrong_fields,,yes,yes,no,yes,yes,none,5,
vinl2vis_05236,supplemental_vlm_consensus_accepted,vlm_audit_heldout860_qwen3_8b_auditfix_v4_n860_qwen3vl4b_promptv4,wbexp_asean_ag_lnd_prcp_mm_average_precipitation_in_depth_mm_per_year,ambiguous,vi,line,Tạo biểu đồ phù hợp cho chỉ số average precipitation in depth (mm per year) mẫu 15.,/Users/nguyenthevinh/Library/CloudStorage/GoogleDrive-vinhnt@tnu.edu.vn/My Drive/NL2Vis_GenAI_Research_2025_2026/benchmark/faithbench/results/vlm_audit_heldout860_qwen3_8b_auditfix_v4_n860_qwen3vl4b_promptv4/images/vinl2vis_05236.png,none,"{""acceptable"": true, ""visible_chart_family"": ""line"", ""major_issue"": ""none"", ""conservative_issue"": ""none""}",,line,yes,no,yes,yes,yes,none,5,
vinl2vis_23001,supplemental_vlm_consensus_accepted,vlm_audit_heldout860_qwen3_8b_auditfix_v4_n860_qwen3vl4b_promptv4,wbexp_asean_bm_gsr_totl_cd_imports_of_goods_services_and_primary_income_bop_curren,ambiguous,vi,line,"Tạo biểu đồ phù hợp cho chỉ số imports of goods, services and primary income (bop, current us$) mẫu 20.",/Users/nguyenthevinh/Library/CloudStorage/GoogleDrive-vinhnt@tnu.edu.vn/My Drive/NL2Vis_GenAI_Research_2025_2026/benchmark/faithbench/results/vlm_audit_heldout860_qwen3_8b_auditfix_v4_n860_qwen3vl4b_promptv4/images/vinl2vis_23001.png,none,"{""acceptable"": true, ""visible_chart_family"": ""line"", ""major_issue"": ""none"", ""conservative_issue"": ""none""}",,line,yes,yes,yes,yes,yes,none,5,
vinl2vis_26710,supplemental_vlm_consensus_accepted,vlm_audit_heldout860_qwen3_8b_auditfix_v4_n860_qwen3vl4b_promptv4,wbexp_asean_dt_nfl_mlat_cd_net_financial_flows_multilateral_nfl_current_us,multi_turn,vi,line,"Tôi muốn xem xu hướng.
Dùng dữ liệu này và tách theo quốc gia.",/Users/nguyenthevinh/Library/CloudStorage/GoogleDrive-vinhnt@tnu.edu.vn/My Drive/NL2Vis_GenAI_Research_2025_2026/benchmark/faithbench/results/vlm_audit_heldout860_qwen3_8b_auditfix_v4_n860_qwen3vl4b_promptv4/images/vinl2vis_26710.png,none,"{""acceptable"": true, ""visible_chart_family"": ""line"", ""major_issue"": ""none"", ""conservative_issue"": ""none""}",,line,yes,yes,yes,no,no,missing_legend,4,
vinl2vis_04796,supplemental_vlm_consensus_accepted,vlm_audit_heldout860_qwen3_8b_auditfix_v4_n860_qwen3vl4b_promptv4,wbexp_asean_ag_con_fert_zs_fertilizer_consumption_kilograms_per_hectare_of_arable_,ambiguous,vi,line,Tạo biểu đồ phù hợp cho chỉ số fertilizer consumption (kilograms per hectare of arable land) mẫu 15.,/Users/nguyenthevinh/Library/CloudStorage/GoogleDrive-vinhnt@tnu.edu.vn/My Drive/NL2Vis_GenAI_Research_2025_2026/benchmark/faithbench/results/vlm_audit_heldout860_qwen3_8b_auditfix_v4_n860_qwen3vl4b_promptv4/images/vinl2vis_04796.png,none,"{""acceptable"": true, ""visible_chart_family"": ""line"", ""major_issue"": ""none"", ""conservative_issue"": ""none""}",,line,yes,yes,yes,no,yes,none,4,
vinl2vis_05122,supplemental_vlm_consensus_accepted,vlm_audit_heldout860_qwen3_8b_auditfix_v4_n860_qwen3vl4b_promptv4,wbexp_asean_ag_lnd_frls_ha_tree_cover_loss_hectares,explicit,vi,bar,"So sánh chỉ số tree cover loss (hectares) ở các quốc gia, biến thể 21.",/Users/nguyenthevinh/Library/CloudStorage/GoogleDrive-vinhnt@tnu.edu.vn/My Drive/NL2Vis_GenAI_Research_2025_2026/benchmark/faithbench/results/vlm_audit_heldout860_qwen3_8b_auditfix_v4_n860_qwen3vl4b_promptv4/images/vinl2vis_05122.png,none,"{""acceptable"": true, ""visible_chart_family"": ""bar"", ""major_issue"": ""none"", ""conservative_issue"": ""none""}",,bar,yes,yes,yes,yes,yes,none,5,
vinl2vis_24317,supplemental_vlm_consensus_accepted,vlm_audit_heldout860_qwen3_8b_auditfix_v4_n860_qwen3vl4b_promptv4,wbexp_asean_bx_klt_dinv_cd_wd_foreign_direct_investment_net_inflows_bop_current_us,explicit,vi,bar,"So sánh chỉ số foreign direct investment, net inflows (bop, current us$) ở các quốc gia, biến thể 16.",/Users/nguyenthevinh/Library/CloudStorage/GoogleDrive-vinhnt@tnu.edu.vn/My Drive/NL2Vis_GenAI_Research_2025_2026/benchmark/faithbench/results/vlm_audit_heldout860_qwen3_8b_auditfix_v4_n860_qwen3vl4b_promptv4/images/vinl2vis_24317.png,none,"{""acceptable"": true, ""visible_chart_family"": ""bar"", ""major_issue"": ""none"", ""conservative_issue"": ""none""}",,bar,yes,yes,yes,yes,yes,none,5,
vinl2vis_23401,supplemental_vlm_consensus_accepted,vlm_audit_heldout860_qwen3_8b_auditfix_v4_n860_qwen3vl4b_promptv4,wbexp_asean_bn_gsr_fcty_cd_net_primary_income_bop_current_us,ambiguous,vi,line,"Tạo biểu đồ phù hợp cho chỉ số net primary income (bop, current us$) mẫu 20.",/Users/nguyenthevinh/Library/CloudStorage/GoogleDrive-vinhnt@tnu.edu.vn/My Drive/NL2Vis_GenAI_Research_2025_2026/benchmark/faithbench/results/vlm_audit_heldout860_qwen3_8b_auditfix_v4_n860_qwen3vl4b_promptv4/images/vinl2vis_23401.png,none,"{""acceptable"": true, ""visible_chart_family"": ""line"", ""major_issue"": ""none"", ""conservative_issue"": ""none""}",,bar,no,yes,no,yes,yes,none,4,
vinl2vis_23196,supplemental_vlm_consensus_accepted,vlm_audit_heldout860_qwen3_8b_auditfix_v4_n860_qwen3vl4b_promptv4,wbexp_asean_bm_trf_prvt_cd_secondary_income_other_sectors_payments_bop_current_us,ambiguous,vi,line,"Tạo biểu đồ phù hợp cho chỉ số secondary income, other sectors, payments (bop, current us$) mẫu 15.",/Users/nguyenthevinh/Library/CloudStorage/GoogleDrive-vinhnt@tnu.edu.vn/My Drive/NL2Vis_GenAI_Research_2025_2026/benchmark/faithbench/results/vlm_audit_heldout860_qwen3_8b_auditfix_v4_n860_qwen3vl4b_promptv4/images/vinl2vis_23196.png,none,"{""acceptable"": true, ""visible_chart_family"": ""line"", ""major_issue"": ""none"", ""conservative_issue"": ""none""}",,line,yes,no,yes,yes,no,unreadable_labels,5,
vinl2vis_22876,supplemental_vlm_consensus_accepted,vlm_audit_heldout860_qwen3_8b_auditfix_v4_n860_qwen3vl4b_promptv4,wbexp_asean_bm_gsr_mrch_cd_goods_imports_bop_current_us,ambiguous,vi,line,"Tạo biểu đồ phù hợp cho chỉ số goods imports (bop, current us$) mẫu 15.",/Users/nguyenthevinh/Library/CloudStorage/GoogleDrive-vinhnt@tnu.edu.vn/My Drive/NL2Vis_GenAI_Research_2025_2026/benchmark/faithbench/results/vlm_audit_heldout860_qwen3_8b_auditfix_v4_n860_qwen3vl4b_promptv4/images/vinl2vis_22876.png,none,"{""acceptable"": true, ""visible_chart_family"": ""line"", ""major_issue"": ""none"", ""conservative_issue"": ""none""}",,line,yes,no,yes,yes,yes,none,5,
vinl2vis_28631,supplemental_vlm_consensus_accepted,vlm_audit_heldout860_qwen3_8b_auditfix_v4_n860_qwen3vl4b_promptv4,wbexp_asean_eg_elc_accs_ru_zs_access_to_electricity_rural_of_rural_population,multi_turn,vi,bar,"Hãy so sánh các nước.
Dùng năm mới nhất.",/Users/nguyenthevinh/Library/CloudStorage/GoogleDrive-vinhnt@tnu.edu.vn/My Drive/NL2Vis_GenAI_Research_2025_2026/benchmark/faithbench/results/vlm_audit_heldout860_qwen3_8b_auditfix_v4_n860_qwen3vl4b_promptv4/images/vinl2vis_28631.png,none,"{""acceptable"": true, ""visible_chart_family"": ""bar"", ""major_issue"": ""none"", ""conservative_issue"": ""none""}",,bar,yes,no,yes,yes,yes,none,5,
vinl2vis_23482,supplemental_vlm_consensus_accepted,vlm_audit_heldout860_qwen3_8b_auditfix_v4_n860_qwen3vl4b_promptv4,wbexp_asean_bn_gsr_mrch_cd_net_trade_in_goods_bop_current_us,explicit,vi,bar,"So sánh chỉ số net trade in goods (bop, current us$) ở các quốc gia, biến thể 21.",/Users/nguyenthevinh/Library/CloudStorage/GoogleDrive-vinhnt@tnu.edu.vn/My Drive/NL2Vis_GenAI_Research_2025_2026/benchmark/faithbench/results/vlm_audit_heldout860_qwen3_8b_auditfix_v4_n860_qwen3vl4b_promptv4/images/vinl2vis_23482.png,none,"{""acceptable"": true, ""visible_chart_family"": ""bar"", ""major_issue"": ""none"", ""conservative_issue"": ""none""}",,scatter,no,yes,yes,yes,yes,none,4,
vinl2vis_28111,supplemental_vlm_consensus_accepted,vlm_audit_heldout860_qwen3_8b_auditfix_v4_n860_qwen3vl4b_promptv4,wbexp_asean_dt_tds_dppg_cd_debt_service_on_external_debt_public_and_publicly_guara,multi_turn,vi,bar,"Hãy so sánh các nước.
Dùng năm mới nhất.",/Users/nguyenthevinh/Library/CloudStorage/GoogleDrive-vinhnt@tnu.edu.vn/My Drive/NL2Vis_GenAI_Research_2025_2026/benchmark/faithbench/results/vlm_audit_heldout860_qwen3_8b_auditfix_v4_n860_qwen3vl4b_promptv4/images/vinl2vis_28111.png,none,"{""acceptable"": true, ""visible_chart_family"": ""bar"", ""major_issue"": ""none"", ""conservative_issue"": ""none""}",,pie,no,no,yes,yes,yes,none,4,
vinl2vis_24876,supplemental_vlm_consensus_accepted,vlm_audit_heldout860_qwen3_8b_auditfix_v4_n860_qwen3vl4b_promptv4,wbexp_asean_dc_dac_ausl_cd_net_bilateral_aid_flows_from_dac_donors_australia_curre,ambiguous,vi,line,"Tạo biểu đồ phù hợp cho chỉ số net bilateral aid flows from dac donors, australia (current us$) mẫu 15.",/Users/nguyenthevinh/Library/CloudStorage/GoogleDrive-vinhnt@tnu.edu.vn/My Drive/NL2Vis_GenAI_Research_2025_2026/benchmark/faithbench/results/vlm_audit_heldout860_qwen3_8b_auditfix_v4_n860_qwen3vl4b_promptv4/images/vinl2vis_24876.png,none,"{""acceptable"": true, ""visible_chart_family"": ""line"", ""major_issue"": ""none"", ""conservative_issue"": ""none""}",,line,yes,yes,yes,no,yes,none,5,
vinl2vis_30544,supplemental_vlm_consensus_accepted,vlm_audit_heldout860_qwen3_8b_auditfix_v4_n860_qwen3vl4b_promptv4,wbexp_asean_en_ghg_ch4_zg_ar5_methane_ch4_emissions_total_excluding_lulucf_change_,underspecified,vi,bar,Xếp hạng các nước theo chỉ số methane (ch4) emissions (total) excluding lulucf (% change from 1990).,/Users/nguyenthevinh/Library/CloudStorage/GoogleDrive-vinhnt@tnu.edu.vn/My Drive/NL2Vis_GenAI_Research_2025_2026/benchmark/faithbench/results/vlm_audit_heldout860_qwen3_8b_auditfix_v4_n860_qwen3vl4b_promptv4/images/vinl2vis_30544.png,none,"{""acceptable"": true, ""visible_chart_family"": ""bar"", ""major_issue"": ""none"", ""conservative_issue"": ""none""}",,bar,yes,no,yes,no,no,missing_legend,5,
vinl2vis_27071,supplemental_vlm_consensus_accepted,vlm_audit_heldout860_qwen3_8b_auditfix_v4_n860_qwen3vl4b_promptv4,wbexp_asean_dt_nfl_prop_cd_ppg_other_private_creditors_nfl_current_us,multi_turn,vi,bar,"Hãy so sánh các nước.
Dùng năm mới nhất.",/Users/nguyenthevinh/Library/CloudStorage/GoogleDrive-vinhnt@tnu.edu.vn/My Drive/NL2Vis_GenAI_Research_2025_2026/benchmark/faithbench/results/vlm_audit_heldout860_qwen3_8b_auditfix_v4_n860_qwen3vl4b_promptv4/images/vinl2vis_27071.png,none,"{""acceptable"": true, ""visible_chart_family"": ""bar"", ""major_issue"": ""none"", ""conservative_issue"": ""none""}",,bar,yes,yes,no,yes,yes,none,5,
vinl2vis_26031,supplemental_vlm_consensus_accepted,vlm_audit_heldout860_qwen3_8b_auditfix_v4_n860_qwen3vl4b_promptv4,wbexp_asean_dt_dod_dppg_cd_external_debt_stocks_public_and_publicly_guaranteed_ppg,multi_turn,vi,bar,"Hãy so sánh các nước.
Dùng năm mới nhất.",/Users/nguyenthevinh/Library/CloudStorage/GoogleDrive-vinhnt@tnu.edu.vn/My Drive/NL2Vis_GenAI_Research_2025_2026/benchmark/faithbench/results/vlm_audit_heldout860_qwen3_8b_auditfix_v4_n860_qwen3vl4b_promptv4/images/vinl2vis_26031.png,none,"{""acceptable"": true, ""visible_chart_family"": ""bar"", ""major_issue"": ""none"", ""conservative_issue"": ""none""}",,bar,yes,yes,yes,yes,yes,none,4,
vinl2vis_24396,supplemental_vlm_consensus_accepted,vlm_audit_heldout860_qwen3_8b_auditfix_v4_n860_qwen3vl4b_promptv4,wbexp_asean_bx_pef_totl_cd_wd_portfolio_equity_net_inflows_bop_current_us,ambiguous,vi,line,"Tạo biểu đồ phù hợp cho chỉ số portfolio equity, net inflows (bop, current us$) mẫu 15.",/Users/nguyenthevinh/Library/CloudStorage/GoogleDrive-vinhnt@tnu.edu.vn/My Drive/NL2Vis_GenAI_Research_2025_2026/benchmark/faithbench/results/vlm_audit_heldout860_qwen3_8b_auditfix_v4_n860_qwen3vl4b_promptv4/images/vinl2vis_24396.png,none,"{""acceptable"": true, ""visible_chart_family"": ""line"", ""major_issue"": ""none"", ""conservative_issue"": ""none""}",,line,yes,yes,yes,yes,yes,none,5,
vinl2vis_05356,supplemental_vlm_consensus_accepted,vlm_audit_heldout860_qwen3_8b_auditfix_v4_n860_qwen3vl4b_promptv4,wbexp_asean_ag_prd_crop_xd_crop_production_index_2014_2016_100,ambiguous,vi,line,Tạo biểu đồ phù hợp cho chỉ số crop production index (2014-2016 = 100) mẫu 15.,/Users/nguyenthevinh/Library/CloudStorage/GoogleDrive-vinhnt@tnu.edu.vn/My Drive/NL2Vis_GenAI_Research_2025_2026/benchmark/faithbench/results/vlm_audit_heldout860_qwen3_8b_auditfix_v4_n860_qwen3vl4b_promptv4/images/vinl2vis_05356.png,none,"{""acceptable"": true, ""visible_chart_family"": ""line"", ""major_issue"": ""none"", ""conservative_issue"": ""none""}",,line,yes,yes,no,yes,yes,none,5,
vinl2vis_25196,supplemental_vlm_consensus_accepted,vlm_audit_heldout860_qwen3_8b_auditfix_v4_n860_qwen3vl4b_promptv4,wbexp_asean_dc_dac_dnkl_cd_net_bilateral_aid_flows_from_dac_donors_denmark_current,ambiguous,vi,line,"Tạo biểu đồ phù hợp cho chỉ số net bilateral aid flows from dac donors, denmark (current us$) mẫu 15.",/Users/nguyenthevinh/Library/CloudStorage/GoogleDrive-vinhnt@tnu.edu.vn/My Drive/NL2Vis_GenAI_Research_2025_2026/benchmark/faithbench/results/vlm_audit_heldout860_qwen3_8b_auditfix_v4_n860_qwen3vl4b_promptv4/images/vinl2vis_25196.png,none,"{""acceptable"": true, ""visible_chart_family"": ""line"", ""major_issue"": ""none"", ""conservative_issue"": ""none""}",,scatter,no,no,yes,yes,yes,none,4,
vinl2vis_25557,supplemental_vlm_consensus_accepted,vlm_audit_heldout860_qwen3_8b_auditfix_v4_n860_qwen3vl4b_promptv4,wbexp_asean_dc_dac_korl_cd_net_bilateral_aid_flows_from_dac_donors_korea_rep_curre,explicit,vi,bar,"So sánh chỉ số net bilateral aid flows from dac donors, korea, rep. (current us$) ở các quốc gia, biến thể 16.",/Users/nguyenthevinh/Library/CloudStorage/GoogleDrive-vinhnt@tnu.edu.vn/My Drive/NL2Vis_GenAI_Research_2025_2026/benchmark/faithbench/results/vlm_audit_heldout860_qwen3_8b_auditfix_v4_n860_qwen3vl4b_promptv4/images/vinl2vis_25557.png,none,"{""acceptable"": true, ""visible_chart_family"": ""bar"", ""major_issue"": ""none"", ""conservative_issue"": ""none""}",,bar,yes,yes,no,yes,no,wrong_chart_type,4,
vinl2vis_22681,supplemental_vlm_consensus_accepted,vlm_audit_heldout860_qwen3_8b_auditfix_v4_n860_qwen3vl4b_promptv4,wbexp_asean_bi_wag_totl_pb_zs_wage_bill_as_a_percentage_of_public_expenditure,ambiguous,vi,line,Tạo biểu đồ phù hợp cho chỉ số wage bill as a percentage of public expenditure mẫu 20.,/Users/nguyenthevinh/Library/CloudStorage/GoogleDrive-vinhnt@tnu.edu.vn/My Drive/NL2Vis_GenAI_Research_2025_2026/benchmark/faithbench/results/vlm_audit_heldout860_qwen3_8b_auditfix_v4_n860_qwen3vl4b_promptv4/images/vinl2vis_22681.png,none,"{""acceptable"": true, ""visible_chart_family"": ""line"", ""major_issue"": ""none"", ""conservative_issue"": ""none""}",,line,yes,yes,yes,yes,no,wrong_chart_type,4,
vinl2vis_27030,supplemental_vlm_consensus_accepted,vlm_audit_heldout860_qwen3_8b_auditfix_v4_n860_qwen3vl4b_promptv4,wbexp_asean_dt_nfl_pngc_cd_png_commercial_banks_and_other_creditors_nfl_current_us,multi_turn,vi,line,"Tôi muốn xem xu hướng.
Dùng dữ liệu này và tách theo quốc gia.",/Users/nguyenthevinh/Library/CloudStorage/GoogleDrive-vinhnt@tnu.edu.vn/My Drive/NL2Vis_GenAI_Research_2025_2026/benchmark/faithbench/results/vlm_audit_heldout860_qwen3_8b_auditfix_v4_n860_qwen3vl4b_promptv4/images/vinl2vis_27030.png,none,"{""acceptable"": true, ""visible_chart_family"": ""line"", ""major_issue"": ""none"", ""conservative_issue"": ""none""}",,line,yes,no,yes,yes,yes,none,5,
vinl2vis_25642,supplemental_vlm_consensus_accepted,vlm_audit_heldout860_qwen3_8b_auditfix_v4_n860_qwen3vl4b_promptv4,wbexp_asean_dc_dac_nldl_cd_net_bilateral_aid_flows_from_dac_donors_netherlands_cur,explicit,vi,bar,"So sánh chỉ số net bilateral aid flows from dac donors, netherlands (current us$) ở các quốc gia, biến thể 21.",/Users/nguyenthevinh/Library/CloudStorage/GoogleDrive-vinhnt@tnu.edu.vn/My Drive/NL2Vis_GenAI_Research_2025_2026/benchmark/faithbench/results/vlm_audit_heldout860_qwen3_8b_auditfix_v4_n860_qwen3vl4b_promptv4/images/vinl2vis_25642.png,none,"{""acceptable"": true, ""visible_chart_family"": ""bar"", ""major_issue"": ""none"", ""conservative_issue"": ""none""}",,bar,yes,yes,yes,yes,yes,none,4,
vinl2vis_25917,supplemental_vlm_consensus_accepted,vlm_audit_heldout860_qwen3_8b_auditfix_v4_n860_qwen3vl4b_promptv4,wbexp_asean_dt_dod_dect_gn_zs_external_debt_stocks_of_gni,explicit,vi,bar,"So sánh chỉ số external debt stocks (% of gni) ở các quốc gia, biến thể 16.",/Users/nguyenthevinh/Library/CloudStorage/GoogleDrive-vinhnt@tnu.edu.vn/My Drive/NL2Vis_GenAI_Research_2025_2026/benchmark/faithbench/results/vlm_audit_heldout860_qwen3_8b_auditfix_v4_n860_qwen3vl4b_promptv4/images/vinl2vis_25917.png,none,"{""acceptable"": true, ""visible_chart_family"": ""bar"", ""major_issue"": ""none"", ""conservative_issue"": ""none""}",,bar,yes,yes,yes,yes,yes,none,4,
vinl2vis_24397,supplemental_vlm_consensus_accepted,vlm_audit_heldout860_qwen3_8b_auditfix_v4_n860_qwen3vl4b_promptv4,wbexp_asean_bx_pef_totl_cd_wd_portfolio_equity_net_inflows_bop_current_us,explicit,vi,bar,"So sánh chỉ số portfolio equity, net inflows (bop, current us$) ở các quốc gia, biến thể 16.",/Users/nguyenthevinh/Library/CloudStorage/GoogleDrive-vinhnt@tnu.edu.vn/My Drive/NL2Vis_GenAI_Research_2025_2026/benchmark/faithbench/results/vlm_audit_heldout860_qwen3_8b_auditfix_v4_n860_qwen3vl4b_promptv4/images/vinl2vis_24397.png,none,"{""acceptable"": true, ""visible_chart_family"": ""bar"", ""major_issue"": ""none"", ""conservative_issue"": ""none""}",,pie,no,yes,yes,yes,yes,none,4,
vinl2vis_24996,supplemental_vlm_consensus_accepted,vlm_audit_heldout860_qwen3_8b_auditfix_v4_n860_qwen3vl4b_promptv4,wbexp_asean_dc_dac_canl_cd_net_bilateral_aid_flows_from_dac_donors_canada_current_,ambiguous,vi,line,"Tạo biểu đồ phù hợp cho chỉ số net bilateral aid flows from dac donors, canada (current us$) mẫu 15.",/Users/nguyenthevinh/Library/CloudStorage/GoogleDrive-vinhnt@tnu.edu.vn/My Drive/NL2Vis_GenAI_Research_2025_2026/benchmark/faithbench/results/vlm_audit_heldout860_qwen3_8b_auditfix_v4_n860_qwen3vl4b_promptv4/images/vinl2vis_24996.png,none,"{""acceptable"": true, ""visible_chart_family"": ""line"", ""major_issue"": ""none"", ""conservative_issue"": ""none""}",,line,yes,yes,yes,yes,yes,none,5,
vinl2vis_22636,supplemental_vlm_consensus_accepted,vlm_audit_heldout860_qwen3_8b_auditfix_v4_n860_qwen3vl4b_promptv4,wbexp_asean_bi_wag_totl_gd_zs_wage_bill_as_a_percentage_of_gdp,ambiguous,vi,line,Tạo biểu đồ phù hợp cho chỉ số wage bill as a percentage of gdp mẫu 15.,/Users/nguyenthevinh/Library/CloudStorage/GoogleDrive-vinhnt@tnu.edu.vn/My Drive/NL2Vis_GenAI_Research_2025_2026/benchmark/faithbench/results/vlm_audit_heldout860_qwen3_8b_auditfix_v4_n860_qwen3vl4b_promptv4/images/vinl2vis_22636.png,none,"{""acceptable"": true, ""visible_chart_family"": ""line"", ""major_issue"": ""none"", ""conservative_issue"": ""none""}",,line,yes,no,no,yes,yes,none,5,
